Workbook

Sheet F1-Strecken
A1: Strecke | B1: Streckenlänge (km) | C1: Kurven (Anzahl) | D1: Rennrunden (Anzahl) | E1: Renndistanz (km) | F1: Kurven pro km (Kurven/km) | G1: Erster F1-Grand-Prix (Jahr) | H1: Ausgetragene F1-GPs (Anzahl) | I1: Rundenrekord (Sekunden) | J1: Eröffnungsjahr der Strecke (Jahr) | K1: Höhe über Meer (m) | L1: Höhenunterschied (m) | M1: Zuschauer Rennwochenende (Personen) | N1: Längste Gerade (m) | O1: DRS-Zonen (Stand 2025) (Anzahl) | P1: Breitengrad (Grad) | Q1: Anmerkung / Prüfen
A2: Monza (Italien) | B2: 5.793 | C2: 11 | D2: 53 | E2: =ROUND(D2*B2,1) -> 307 | F2: =ROUND(C2/B2,2) -> 1.9 | G2: 1950 | H2: 75 | I2: 81.046 | J2: 1922 | K2: 160 | L2: 10 | M2: 335000 | N2: 1120 | O2: 2 | P2: 45.62 | Q2: Rundenrekord Barrichello 2004; Zuschauer ca. 2024; Höhendifferenz und längste Gerade ca.
A3: Silverstone (Grossbritannien) | B3: 5.891 | C3: 18 | D3: 52 | E3: =ROUND(D3*B3,1) -> 306.3 | F3: =ROUND(C3/B3,2) -> 3.06 | G3: 1950 | H3: 60 | I3: 87.097 | J3: 1948 | K3: 150 | L3: 15 | M3: 480000 | N3: 770 | O3: 2 | P3: 52.07 | Q3: GPs inkl. 70th Anniversary GP 2020; Rekord Verstappen 2020; Zuschauer 2024 (Rekord)
A4: Spa-Francorchamps (Belgien) | B4: 7.004 | C4: 19 | D4: 44 | E4: =ROUND(D4*B4,1) -> 308.2 | F4: =ROUND(C4/B4,2) -> 2.71 | G4: 1950 | H4: 58 | I4: 104.701 | J4: 1921 | K4: 400 | L4: 102 | M4: 380000 | N4: 800 | O4: 2 | P4: 50.44 | Q4: Rekord Bottas 2018; Kemmel-Gerade; GP-Anzahl prüfen
A5: Monaco (Monaco) | B5: 3.337 | C5: 19 | D5: 78 | E5: =ROUND(D5*B5,1) -> 260.3 | F5: =ROUND(C5/B5,2) -> 5.69 | G5: 1950 | H5: 71 | I5: 72.909 | J5: 1929 | K5: 10 | L5: 42 | M5: 200000 | N5: 510 | O5: 1 | P5: 43.73 | Q5: Rekord Hamilton 2021; Zuschauer ca.
A6: Suzuka (Japan) | B6: 5.807 | C6: 18 | D6: 53 | E6: =ROUND(D6*B6,1) -> 307.8 | F6: =ROUND(C6/B6,2) -> 3.1 | G6: 1987 | H6: 35 | I6: 90.983 | J6: 1962 | K6: 45 | L6: 40 | M6: 229000 | N6: 1200 | O6: 1 | P6: 34.84 | Q6: Rekord Hamilton 2019; Zuschauer 2024; längste Gerade ca.
A7: Interlagos (Brasilien) | B7: 4.309 | C7: 15 | D7: 71 | E7: =ROUND(D7*B7,1) -> 305.9 | F7: =ROUND(C7/B7,2) -> 3.48 | G7: 1973 | H7: 42 | I7: 70.54 | J7: 1940 | K7: 780 | L7: 43 | M7: 290000 | N7: 1100 | O7: 2 | P7: -23.7 | Q7: Rekord Bottas 2018; GP-Anzahl und längste Gerade prüfen
A8: Montreal (Kanada) | B8: 4.361 | C8: 14 | D8: 70 | E8: =ROUND(D8*B8,1) -> 305.3 | F8: =ROUND(C8/B8,2) -> 3.21 | G8: 1978 | H8: 44 | I8: 73.078 | J8: 1978 | K8: 12 | L8: 5 | M8: 350000 | N8: 1190 | O8: 2 | P8: 45.5 | Q8: Rekord Bottas 2019; Zuschauer ca.
A9: Melbourne / Albert Park (Australien) | B9: 5.278 | C9: 14 | D9: 58 | E9: =ROUND(D9*B9,1) -> 306.1 | F9: =ROUND(C9/B9,2) -> 2.65 | G9: 1996 | H9: 28 | I9: 79.813 | J9: 1996 | K9: 10 | L9: 3 | M9: 465000 | N9: 900 | O9: 4 | P9: -37.85 | Q9: Layout seit 2022; Rekord Leclerc 2024; Zuschauer 2025 (Rekord); längste Gerade ca.
A10: Barcelona-Catalunya (Spanien) | B10: 4.657 | C10: 14 | D10: 66 | E10: =ROUND(D10*B10,1) -> 307.4 | F10: =ROUND(C10/B10,2) -> 3.01 | G10: 1991 | H10: 35 | I10: 76.33 | J10: 1991 | K10: 100 | L10: 30 | M10: 300000 | N10: 1047 | O10: 2 | P10: 41.57 | Q10: Layout ohne Schikane seit 2023; Rekord prüfen; Zuschauer ca.
A11: Hungaroring (Ungarn) | B11: 4.381 | C11: 14 | D11: 70 | E11: =ROUND(D11*B11,1) -> 306.7 | F11: =ROUND(C11/B11,2) -> 3.2 | G11: 1986 | H11: 40 | I11: 76.627 | J11: 1986 | K11: 250 | L11: 36 | M11: 300000 | N11: 908 | O11: 2 | P11: 47.58 | Q11: Rekord Hamilton 2020; Zuschauer ca.
A12: Zandvoort (Niederlande) | B12: 4.259 | C12: 14 | D12: 72 | E12: =ROUND(D12*B12,1) -> 306.6 | F12: =ROUND(C12/B12,2) -> 3.29 | G12: 1952 | H12: 35 | I12: 71.097 | J12: 1948 | K12: 5 | L12: 15 | M12: 305000 | N12: 700 | O12: 2 | P12: 52.39 | Q12: Rekord Hamilton 2021; Höhendifferenz ca.
A13: Red Bull Ring (Österreich) | B13: 4.318 | C13: 10 | D13: 71 | E13: =ROUND(D13*B13,1) -> 306.6 | F13: =ROUND(C13/B13,2) -> 2.32 | G13: 1970 | H13: 39 | I13: 65.619 | J13: 1969 | K13: 680 | L13: 65 | M13: 300000 | N13: 800 | O13: 3 | P13: 47.22 | Q13: GPs inkl. Österreichring/A1-Ring und Steiermark-GPs 2020/21; Rekord Sainz 2020
... A21: Abu Dhabi / Yas Marina (VAE) | B21: 5.281 | C21: 16 | D21: 58 | E21: =ROUND(D21*B21,1) -> 306.3 | F21: =ROUND(C21/B21,2) -> 3.03 | G21: 2009 | H21: 17 | I21: 85.637 | J21: 2009 | K21: 5 | L21: 5 | M21: 190000 | N21: 1200 | O21: 2 | P21: 24.47 | Q21: Layout seit 2021; Rekord Magnussen 2024 prüfen; Zuschauer ca.

Sheet Ränge
A1: Strecke | B1: Streckenlänge | C1: Kurven | D1: Rennrunden | E1: Renndistanz | F1: Kurven pro km | G1: Erster F1-Grand-Prix | H1: Ausgetragene F1-GPs | I1: Rundenrekord | J1: Eröffnungsjahr der Strecke | K1: Höhe über Meer | L1: Höhenunterschied | M1: Zuschauer Rennwochenende | N1: Längste Gerade | O1: DRS-Zonen (Stand 2025) | P1: Breitengrad
A2: ='F1-Strecken'!A2 -> Monza (Italien) | B2: =IF('F1-Strecken'!B2="","",RANK('F1-Strecken'!B2,'F1-Strecken'!$B$2:$B$21,0)) -> 7 | C2: =IF('F1-Strecken'!C2="","",RANK('F1-Strecken'!C2,'F1-Strecken'!$C$2:$C$21,0)) -> 19 | D2: =IF('F1-Strecken'!D2="","",RANK('F1-Strecken'!D2,'F1-Strecken'!$D$2:$D$21,0)) -> 14 | E2: =IF('F1-Strecken'!E2="","",RANK('F1-Strecken'!E2,'F1-Strecken'!$E$2:$E$21,0)) -> 8 | F2: =IF('F1-Strecken'!F2="","",RANK('F1-Strecken'!F2,'F1-Strecken'!$F$2:$F$21,0)) -> 20 | G2: =IF('F1-Strecken'!G2="","",RANK('F1-Strecken'!G2,'F1-Strecken'!$G$2:$G$21,1)) -> 1 | H2: =IF('F1-Strecken'!H2="","",RANK('F1-Strecken'!H2,'F1-Strecken'!$H$2:$H$21,0)) -> 1 | I2: =IF('F1-Strecken'!I2="","",RANK('F1-Strecken'!I2,'F1-Strecken'!$I$2:$I$21,1)) -> 10 | J2: =IF('F1-Strecken'!J2="","",RANK('F1-Strecken'!J2,'F1-Strecken'!$J$2:$J$21,1)) -> 2 | K2: =IF('F1-Strecken'!K2="","",RANK('F1-Strecken'!K2,'F1-Strecken'!$K$2:$K$21,0)) -> 8 | L2: =IF('F1-Strecken'!L2="","",RANK('F1-Strecken'!L2,'F1-Strecken'!$L$2:$L$21,0)) -> 13 | M2: =IF('F1-Strecken'!M2="","",RANK('F1-Strecken'!M2,'F1-Strecken'!$M$2:$M$21,0)) -> 7 | N2: =IF('F1-Strecken'!N2="","",RANK('F1-Strecken'!N2,'F1-Strecken'!$N$2:$N$21,0)) -> 9 | O2: =IF('F1-Strecken'!O2="","",RANK('F1-Strecken'!O2,'F1-Strecken'!$O$2:$O$21,0)) -> 7 | P2: =IF('F1-Strecken'!P2="","",RANK('F1-Strecken'!P2,'F1-Strecken'!$P$2:$P$21,0)) -> 6
A3: ='F1-Strecken'!A3 -> Silverstone (Grossbritannien) | B3: =IF('F1-Strecken'!B3="","",RANK('F1-Strecken'!B3,'F1-Strecken'!$B$2:$B$21,0)) -> 5 | C3: =IF('F1-Strecken'!C3="","",RANK('F1-Strecken'!C3,'F1-Strecken'!$C$2:$C$21,0)) -> 7 | D3: =IF('F1-Strecken'!D3="","",RANK('F1-Strecken'!D3,'F1-Strecken'!$D$2:$D$21,0)) -> 16 | E3: =IF('F1-Strecken'!E3="","",RANK('F1-Strecken'!E3,'F1-Strecken'!$E$2:$E$21,0)) -> 12 | F3: =IF('F1-Strecken'!F3="","",RANK('F1-Strecken'!F3,'F1-Strecken'!$F$2:$F$21,0)) -> 12 | G3: =IF('F1-Strecken'!G3="","",RANK('F1-Strecken'!G3,'F1-Strecken'!$G$2:$G$21,1)) -> 1 | H3: =IF('F1-Strecken'!H3="","",RANK('F1-Strecken'!H3,'F1-Strecken'!$H$2:$H$21,0)) -> 3 | I3: =IF('F1-Strecken'!I3="","",RANK('F1-Strecken'!I3,'F1-Strecken'!$I$2:$I$21,1)) -> 12 | J3: =IF('F1-Strecken'!J3="","",RANK('F1-Strecken'!J3,'F1-Strecken'!$J$2:$J$21,1)) -> 5 | K3: =IF('F1-Strecken'!K3="","",RANK('F1-Strecken'!K3,'F1-Strecken'!$K$2:$K$21,0)) -> 9 | L3: =IF('F1-Strecken'!L3="","",RANK('F1-Strecken'!L3,'F1-Strecken'!$L$2:$L$21,0)) -> 11 | M3: =IF('F1-Strecken'!M3="","",RANK('F1-Strecken'!M3,'F1-Strecken'!$M$2:$M$21,0)) -> 1 | N3: =IF('F1-Strecken'!N3="","",RANK('F1-Strecken'!N3,'F1-Strecken'!$N$2:$N$21,0)) -> 17 | O3: =IF('F1-Strecken'!O3="","",RANK('F1-Strecken'!O3,'F1-Strecken'!$O$2:$O$21,0)) -> 7 | P3: =IF('F1-Strecken'!P3="","",RANK('F1-Strecken'!P3,'F1-Strecken'!$P$2:$P$21,0)) -> 2
A4: ='F1-Strecken'!A4 -> Spa-Francorchamps (Belgien) | B4: =IF('F1-Strecken'!B4="","",RANK('F1-Strecken'!B4,'F1-Strecken'!$B$2:$B$21,0)) -> 1 | C4: =IF('F1-Strecken'!C4="","",RANK('F1-Strecken'!C4,'F1-Strecken'!$C$2:$C$21,0)) -> 4 | D4: =IF('F1-Strecken'!D4="","",RANK('F1-Strecken'!D4,'F1-Strecken'!$D$2:$D$21,0)) -> 20 | E4: =IF('F1-Strecken'!E4="","",RANK('F1-Strecken'!E4,'F1-Strecken'!$E$2:$E$21,0)) -> 5 | F4: =IF('F1-Strecken'!F4="","",RANK('F1-Strecken'!F4,'F1-Strecken'!$F$2:$F$21,0)) -> 17 | G4: =IF('F1-Strecken'!G4="","",RANK('F1-Strecken'!G4,'F1-Strecken'!$G$2:$G$21,1)) -> 1 | H4: =IF('F1-Strecken'!H4="","",RANK('F1-Strecken'!H4,'F1-Strecken'!$H$2:$H$21,0)) -> 4 | I4: =IF('F1-Strecken'!I4="","",RANK('F1-Strecken'!I4,'F1-Strecken'!$I$2:$I$21,1)) -> 20 | J4: =IF('F1-Strecken'!J4="","",RANK('F1-Strecken'!J4,'F1-Strecken'!$J$2:$J$21,1)) -> 1 | K4: =IF('F1-Strecken'!K4="","",RANK('F1-Strecken'!K4,'F1-Strecken'!$K$2:$K$21,0)) -> 5 | L4: =IF('F1-Strecken'!L4="","",RANK('F1-Strecken'!L4,'F1-Strecken'!$L$2:$L$21,0)) -> 1 | M4: =IF('F1-Strecken'!M4="","",RANK('F1-Strecken'!M4,'F1-Strecken'!$M$2:$M$21,0)) -> 5 | N4: =IF('F1-Strecken'!N4="","",RANK('F1-Strecken'!N4,'F1-Strecken'!$N$2:$N$21,0)) -> 15 | O4: =IF('F1-Strecken'!O4="","",RANK('F1-Strecken'!O4,'F1-Strecken'!$O$2:$O$21,0)) -> 7 | P4: =IF('F1-Strecken'!P4="","",RANK('F1-Strecken'!P4,'F1-Strecken'!$P$2:$P$21,0)) -> 3
A5: ='F1-Strecken'!A5 -> Monaco (Monaco) | B5: =IF('F1-Strecken'!B5="","",RANK('F1-Strecken'!B5,'F1-Strecken'!$B$2:$B$21,0)) -> 20 | C5: =IF('F1-Strecken'!C5="","",RANK('F1-Strecken'!C5,'F1-Strecken'!$C$2:$C$21,0)) -> 4 | D5: =IF('F1-Strecken'!D5="","",RANK('F1-Strecken'!D5,'F1-Strecken'!$D$2:$D$21,0)) -> 1 | E5: =IF('F1-Strecken'!E5="","",RANK('F1-Strecken'!E5,'F1-Strecken'!$E$2:$E$21,0)) -> 20 | F5: =IF('F1-Strecken'!F5="","",RANK('F1-Strecken'!F5,'F1-Strecken'!$F$2:$F$21,0)) -> 1 | G5: =IF('F1-Strecken'!G5="","",RANK('F1-Strecken'!G5,'F1-Strecken'!$G$2:$G$21,1)) -> 1 | H5: =IF('F1-Strecken'!H5="","",RANK('F1-Strecken'!H5,'F1-Strecken'!$H$2:$H$21,0)) -> 2 | I5: =IF('F1-Strecken'!I5="","",RANK('F1-Strecken'!I5,'F1-Strecken'!$I$2:$I$21,1)) -> 4 | J5: =IF('F1-Strecken'!J5="","",RANK('F1-Strecken'!J5,'F1-Strecken'!$J$2:$J$21,1)) -> 3 | K5: =IF('F1-Strecken'!K5="","",RANK('F1-Strecken'!K5,'F1-Strecken'!$K$2:$K$21,0)) -> 13 | L5: =IF('F1-Strecken'!L5="","",RANK('F1-Strecken'!L5,'F1-Strecken'!$L$2:$L$21,0)) -> 4 | M5: =IF('F1-Strecken'!M5="","",RANK('F1-Strecken'!M5,'F1-Strecken'!$M$2:$M$21,0)) -> 16 | N5: =IF('F1-Strecken'!N5="","",RANK('F1-Strecken'!N5,'F1-Strecken'!$N$2:$N$21,0)) -> 20 | O5: =IF('F1-Strecken'!O5="","",RANK('F1-Strecken'!O5,'F1-Strecken'!$O$2:$O$21,0)) -> 19 | P5: =IF('F1-Strecken'!P5="","",RANK('F1-Strecken'!P5,'F1-Strecken'!$P$2:$P$21,0)) -> 8
A6: ='F1-Strecken'!A6 -> Suzuka (Japan) | B6: =IF('F1-Strecken'!B6="","",RANK('F1-Strecken'!B6,'F1-Strecken'!$B$2:$B$21,0)) -> 6 | C6: =IF('F1-Strecken'!C6="","",RANK('F1-Strecken'!C6,'F1-Strecken'!$C$2:$C$21,0)) -> 7 | D6: =IF('F1-Strecken'!D6="","",RANK('F1-Strecken'!D6,'F1-Strecken'!$D$2:$D$21,0)) -> 14 | E6: =IF('F1-Strecken'!E6="","",RANK('F1-Strecken'!E6,'F1-Strecken'!$E$2:$E$21,0)) -> 6 | F6: =IF('F1-Strecken'!F6="","",RANK('F1-Strecken'!F6,'F1-Strecken'!$F$2:$F$21,0)) -> 11 | G6: =IF('F1-Strecken'!G6="","",RANK('F1-Strecken'!G6,'F1-Strecken'!$G$2:$G$21,1)) -> 11 | H6: =IF('F1-Strecken'!H6="","",RANK('F1-Strecken'!H6,'F1-Strecken'!$H$2:$H$21,0)) -> 9 | I6: =IF('F1-Strecken'!I6="","",RANK('F1-Strecken'!I6,'F1-Strecken'!$I$2:$I$21,1)) -> 14 | J6: =IF('F1-Strecken'!J6="","",RANK('F1-Strecken'!J6,'F1-Strecken'!$J$2:$J$21,1)) -> 8 | K6: =IF('F1-Strecken'!K6="","",RANK('F1-Strecken'!K6,'F1-Strecken'!$K$2:$K$21,0)) -> 11 | L6: =IF('F1-Strecken'!L6="","",RANK('F1-Strecken'!L6,'F1-Strecken'!$L$2:$L$21,0)) -> 6 | M6: =IF('F1-Strecken'!M6="","",RANK('F1-Strecken'!M6,'F1-Strecken'!$M$2:$M$21,0)) -> 15 | N6: =IF('F1-Strecken'!N6="","",RANK('F1-Strecken'!N6,'F1-Strecken'!$N$2:$N$21,0)) -> 4 | O6: =IF('F1-Strecken'!O6="","",RANK('F1-Strecken'!O6,'F1-Strecken'!$O$2:$O$21,0)) -> 19 | P6: =IF('F1-Strecken'!P6="","",RANK('F1-Strecken'!P6,'F1-Strecken'!$P$2:$P$21,0)) -> 12
A7: ='F1-Strecken'!A7 -> Interlagos (Brasilien) | B7: =IF('F1-Strecken'!B7="","",RANK('F1-Strecken'!B7,'F1-Strecken'!$B$2:$B$21,0)) -> 17 | C7: =IF('F1-Strecken'!C7="","",RANK('F1-Strecken'!C7,'F1-Strecken'!$C$2:$C$21,0)) -> 12 | D7: =IF('F1-Strecken'!D7="","",RANK('F1-Strecken'!D7,'F1-Strecken'!$D$2:$D$21,0)) -> 3 | E7: =IF('F1-Strecken'!E7="","",RANK('F1-Strecken'!E7,'F1-Strecken'!$E$2:$E$21,0)) -> 17 | F7: =IF('F1-Strecken'!F7="","",RANK('F1-Strecken'!F7,'F1-Strecken'!$F$2:$F$21,0)) -> 6 | G7: =IF('F1-Strecken'!G7="","",RANK('F1-Strecken'!G7,'F1-Strecken'!$G$2:$G$21,1)) -> 8 | H7: =IF('F1-Strecken'!H7="","",RANK('F1-Strecken'!H7,'F1-Strecken'!$H$2:$H$21,0)) -> 6 | I7: =IF('F1-Strecken'!I7="","",RANK('F1-Strecken'!I7,'F1-Strecken'!$I$2:$I$21,1)) -> 2 | J7: =IF('F1-Strecken'!J7="","",RANK('F1-Strecken'!J7,'F1-Strecken'!$J$2:$J$21,1)) -> 4 | K7: =IF('F1-Strecken'!K7="","",RANK('F1-Strecken'!K7,'F1-Strecken'!$K$2:$K$21,0)) -> 2 | L7: =IF('F1-Strecken'!L7="","",RANK('F1-Strecken'!L7,'F1-Strecken'!$L$2:$L$21,0)) -> 3 | M7: =IF('F1-Strecken'!M7="","",RANK('F1-Strecken'!M7,'F1-Strecken'!$M$2:$M$21,0)) -> 13 | N7: =IF('F1-Strecken'!N7="","",RANK('F1-Strecken'!N7,'F1-Strecken'!$N$2:$N$21,0)) -> 10 | O7: =IF('F1-Strecken'!O7="","",RANK('F1-Strecken'!O7,'F1-Strecken'!$O$2:$O$21,0)) -> 7 | P7: =IF('F1-Strecken'!P7="","",RANK('F1-Strecken'!P7,'F1-Strecken'!$P$2:$P$21,0)) -> 19
A8: ='F1-Strecken'!A8 -> Montreal (Kanada) | B8: =IF('F1-Strecken'!B8="","",RANK('F1-Strecken'!B8,'F1-Strecken'!$B$2:$B$21,0)) -> 15 | C8: =IF('F1-Strecken'!C8="","",RANK('F1-Strecken'!C8,'F1-Strecken'!$C$2:$C$21,0)) -> 14 | D8: =IF('F1-Strecken'!D8="","",RANK('F1-Strecken'!D8,'F1-Strecken'!$D$2:$D$21,0)) -> 6 | E8: =IF('F1-Strecken'!E8="","",RANK('F1-Strecken'!E8,'F1-Strecken'!$E$2:$E$21,0)) -> 19 | F8: =IF('F1-Strecken'!F8="","",RANK('F1-Strecken'!F8,'F1-Strecken'!$F$2:$F$21,0)) -> 9 | G8: =IF('F1-Strecken'!G8="","",RANK('F1-Strecken'!G8,'F1-Strecken'!$G$2:$G$21,1)) -> 9 | H8: =IF('F1-Strecken'!H8="","",RANK('F1-Strecken'!H8,'F1-Strecken'!$H$2:$H$21,0)) -> 5 | I8: =IF('F1-Strecken'!I8="","",RANK('F1-Strecken'!I8,'F1-Strecken'!$I$2:$I$21,1)) -> 5 | J8: =IF('F1-Strecken'!J8="","",RANK('F1-Strecken'!J8,'F1-Strecken'!$J$2:$J$21,1)) -> 10 | K8: =IF('F1-Strecken'!K8="","",RANK('F1-Strecken'!K8,'F1-Strecken'!$K$2:$K$21,0)) -> 12 | L8: =IF('F1-Strecken'!L8="","",RANK('F1-Strecken'!L8,'F1-Strecken'!$L$2:$L$21,0)) -> 15 | M8: =IF('F1-Strecken'!M8="","",RANK('F1-Strecken'!M8,'F1-Strecken'!$M$2:$M$21,0)) -> 6 | N8: =IF('F1-Strecken'!N8="","",RANK('F1-Strecken'!N8,'F1-Strecken'!$N$2:$N$21,0)) -> 8 | O8: =IF('F1-Strecken'!O8="","",RANK('F1-Strecken'!O8,'F1-Strecken'!$O$2:$O$21,0)) -> 7 | P8: =IF('F1-Strecken'!P8="","",RANK('F1-Strecken'!P8,'F1-Strecken'!$P$2:$P$21,0)) -> 7
A9: ='F1-Strecken'!A9 -> Melbourne / Albert Park (Australien) | B9: =IF('F1-Strecken'!B9="","",RANK('F1-Strecken'!B9,'F1-Strecken'!$B$2:$B$21,0)) -> 11 | C9: =IF('F1-Strecken'!C9="","",RANK('F1-Strecken'!C9,'F1-Strecken'!$C$2:$C$21,0)) -> 14 | D9: =IF('F1-Strecken'!D9="","",RANK('F1-Strecken'!D9,'F1-Strecken'!$D$2:$D$21,0)) -> 10 | E9: =IF('F1-Strecken'!E9="","",RANK('F1-Strecken'!E9,'F1-Strecken'!$E$2:$E$21,0)) -> 16 | F9: =IF('F1-Strecken'!F9="","",RANK('F1-Strecken'!F9,'F1-Strecken'!$F$2:$F$21,0)) -> 18 | G9: =IF('F1-Strecken'!G9="","",RANK('F1-Strecken'!G9,'F1-Strecken'!$G$2:$G$21,1)) -> 13 | H9: =IF('F1-Strecken'!H9="","",RANK('F1-Strecken'!H9,'F1-Strecken'!$H$2:$H$21,0)) -> 12 | I9: =IF('F1-Strecken'!I9="","",RANK('F1-Strecken'!I9,'F1-Strecken'!$I$2:$I$21,1)) -> 9 | J9: =IF('F1-Strecken'!J9="","",RANK('F1-Strecken'!J9,'F1-Strecken'!$J$2:$J$21,1)) -> 13 | K9: =IF('F1-Strecken'!K9="","",RANK('F1-Strecken'!K9,'F1-Strecken'!$K$2:$K$21,0)) -> 13 | L9: =IF('F1-Strecken'!L9="","",RANK('F1-Strecken'!L9,'F1-Strecken'!$L$2:$L$21,0)) -> 20 | M9: =IF('F1-Strecken'!M9="","",RANK('F1-Strecken'!M9,'F1-Strecken'!$M$2:$M$21,0)) -> 2 | N9: =IF('F1-Strecken'!N9="","",RANK('F1-Strecken'!N9,'F1-Strecken'!$N$2:$N$21,0)) -> 14 | O9: =IF('F1-Strecken'!O9="","",RANK('F1-Strecken'!O9,'F1-Strecken'!$O$2:$O$21,0)) -> 1 | P9: =IF('F1-Strecken'!P9="","",RANK('F1-Strecken'!P9,'F1-Strecken'!$P$2:$P$21,0)) -> 20
A10: ='F1-Strecken'!A10 -> Barcelona-Catalunya (Spanien) | B10: =IF('F1-Strecken'!B10="","",RANK('F1-Strecken'!B10,'F1-Strecken'!$B$2:$B$21,0)) -> 13 | C10: =IF('F1-Strecken'!C10="","",RANK('F1-Strecken'!C10,'F1-Strecken'!$C$2:$C$21,0)) -> 14 | D10: =IF('F1-Strecken'!D10="","",RANK('F1-Strecken'!D10,'F1-Strecken'!$D$2:$D$21,0)) -> 8 | E10: =IF('F1-Strecken'!E10="","",RANK('F1-Strecken'!E10,'F1-Strecken'!$E$2:$E$21,0)) -> 7 | F10: =IF('F1-Strecken'!F10="","",RANK('F1-Strecken'!F10,'F1-Strecken'!$F$2:$F$21,0)) -> 14 | G10: =IF('F1-Strecken'!G10="","",RANK('F1-Strecken'!G10,'F1-Strecken'!$G$2:$G$21,1)) -> 12 | H10: =IF('F1-Strecken'!H10="","",RANK('F1-Strecken'!H10,'F1-Strecken'!$H$2:$H$21,0)) -> 9 | I10: =IF('F1-Strecken'!I10="","",RANK('F1-Strecken'!I10,'F1-Strecken'!$I$2:$I$21,1)) -> 6 | J10: =IF('F1-Strecken'!J10="","",RANK('F1-Strecken'!J10,'F1-Strecken'!$J$2:$J$21,1)) -> 12 | K10: =IF('F1-Strecken'!K10="","",RANK('F1-Strecken'!K10,'F1-Strecken'!$K$2:$K$21,0)) -> 10 | L10: =IF('F1-Strecken'!L10="","",RANK('F1-Strecken'!L10,'F1-Strecken'!$L$2:$L$21,0)) -> 9 | M10: =IF('F1-Strecken'!M10="","",RANK('F1-Strecken'!M10,'F1-Strecken'!$M$2:$M$21,0)) -> 9 | N10: =IF('F1-Strecken'!N10="","",RANK('F1-Strecken'!N10,'F1-Strecken'!$N$2:$N$21,0)) -> 12 | O10: =IF('F1-Strecken'!O10="","",RANK('F1-Strecken'!O10,'F1-Strecken'!$O$2:$O$21,0)) -> 7 | P10: =IF('F1-Strecken'!P10="","",RANK('F1-Strecken'!P10,'F1-Strecken'!$P$2:$P$21,0)) -> 9
A11: ='F1-Strecken'!A11 -> Hungaroring (Ungarn) | B11: =IF('F1-Strecken'!B11="","",RANK('F1-Strecken'!B11,'F1-Strecken'!$B$2:$B$21,0)) -> 14 | C11: =IF('F1-Strecken'!C11="","",RANK('F1-Strecken'!C11,'F1-Strecken'!$C$2:$C$21,0)) -> 14 | D11: =IF('F1-Strecken'!D11="","",RANK('F1-Strecken'!D11,'F1-Strecken'!$D$2:$D$21,0)) -> 6 | E11: =IF('F1-Strecken'!E11="","",RANK('F1-Strecken'!E11,'F1-Strecken'!$E$2:$E$21,0)) -> 9 | F11: =IF('F1-Strecken'!F11="","",RANK('F1-Strecken'!F11,'F1-Strecken'!$F$2:$F$21,0)) -> 10 | G11: =IF('F1-Strecken'!G11="","",RANK('F1-Strecken'!G11,'F1-Strecken'!$G$2:$G$21,1)) -> 10 | H11: =IF('F1-Strecken'!H11="","",RANK('F1-Strecken'!H11,'F1-Strecken'!$H$2:$H$21,0)) -> 7 | I11: =IF('F1-Strecken'!I11="","",RANK('F1-Strecken'!I11,'F1-Strecken'!$I$2:$I$21,1)) -> 7 | J11: =IF('F1-Strecken'!J11="","",RANK('F1-Strecken'!J11,'F1-Strecken'!$J$2:$J$21,1)) -> 11 | K11: =IF('F1-Strecken'!K11="","",RANK('F1-Strecken'!K11,'F1-Strecken'!$K$2:$K$21,0)) -> 6 | L11: =IF('F1-Strecken'!L11="","",RANK('F1-Strecken'!L11,'F1-Strecken'!$L$2:$L$21,0)) -> 7 | M11: =IF('F1-Strecken'!M11="","",RANK('F1-Strecken'!M11,'F1-Strecken'!$M$2:$M$21,0)) -> 9 | N11: =IF('F1-Strecken'!N11="","",RANK('F1-Strecken'!N11,'F1-Strecken'!$N$2:$N$21,0)) -> 13 | O11: =IF('F1-Strecken'!O11="","",RANK('F1-Strecken'!O11,'F1-Strecken'!$O$2:$O$21,0)) -> 7 | P11: =IF('F1-Strecken'!P11="","",RANK('F1-Strecken'!P11,'F1-Strecken'!$P$2:$P$21,0)) -> 4
A12: ='F1-Strecken'!A12 -> Zandvoort (Niederlande) | B12: =IF('F1-Strecken'!B12="","",RANK('F1-Strecken'!B12,'F1-Strecken'!$B$2:$B$21,0)) -> 19 | C12: =IF('F1-Strecken'!C12="","",RANK('F1-Strecken'!C12,'F1-Strecken'!$C$2:$C$21,0)) -> 14 | D12: =IF('F1-Strecken'!D12="","",RANK('F1-Strecken'!D12,'F1-Strecken'!$D$2:$D$21,0)) -> 2 | E12: =IF('F1-Strecken'!E12="","",RANK('F1-Strecken'!E12,'F1-Strecken'!$E$2:$E$21,0)) -> 10 | F12: =IF('F1-Strecken'!F12="","",RANK('F1-Strecken'!F12,'F1-Strecken'!$F$2:$F$21,0)) -> 8 | G12: =IF('F1-Strecken'!G12="","",RANK('F1-Strecken'!G12,'F1-Strecken'!$G$2:$G$21,1)) -> 5 | H12: =IF('F1-Strecken'!H12="","",RANK('F1-Strecken'!H12,'F1-Strecken'!$H$2:$H$21,0)) -> 9 | I12: =IF('F1-Strecken'!I12="","",RANK('F1-Strecken'!I12,'F1-Strecken'!$I$2:$I$21,1)) -> 3 | J12: =IF('F1-Strecken'!J12="","",RANK('F1-Strecken'!J12,'F1-Strecken'!$J$2:$J$21,1)) -> 5 | K12: =IF('F1-Strecken'!K12="","",RANK('F1-Strecken'!K12,'F1-Strecken'!$K$2:$K$21,0)) -> 16 | L12: =IF('F1-Strecken'!L12="","",RANK('F1-Strecken'!L12,'F1-Strecken'!$L$2:$L$21,0)) -> 11 | M12: =IF('F1-Strecken'!M12="","",RANK('F1-Strecken'!M12,'F1-Strecken'!$M$2:$M$21,0)) -> 8 | N12: =IF('F1-Strecken'!N12="","",RANK('F1-Strecken'!N12,'F1-Strecken'!$N$2:$N$21,0)) -> 18 | O12: =IF('F1-Strecken'!O12="","",RANK('F1-Strecken'!O12,'F1-Strecken'!$O$2:$O$21,0)) -> 7 | P12: =IF('F1-Strecken'!P12="","",RANK('F1-Strecken'!P12,'F1-Strecken'!$P$2:$P$21,0)) -> 1
A13: ='F1-Strecken'!A13 -> Red Bull Ring (Österreich) | B13: =IF('F1-Strecken'!B13="","",RANK('F1-Strecken'!B13,'F1-Strecken'!$B$2:$B$21,0)) -> 16 | C13: =IF('F1-Strecken'!C13="","",RANK('F1-Strecken'!C13,'F1-Strecken'!$C$2:$C$21,0)) -> 20 | D13: =IF('F1-Strecken'!D13="","",RANK('F1-Strecken'!D13,'F1-Strecken'!$D$2:$D$21,0)) -> 3 | E13: =IF('F1-Strecken'!E13="","",RANK('F1-Strecken'!E13,'F1-Strecken'!$E$2:$E$21,0)) -> 10 | F13: =IF('F1-Strecken'!F13="","",RANK('F1-Strecken'!F13,'F1-Strecken'!$F$2:$F$21,0)) -> 19 | G13: =IF('F1-Strecken'!G13="","",RANK('F1-Strecken'!G13,'F1-Strecken'!$G$2:$G$21,1)) -> 7 | H13: =IF('F1-Strecken'!H13="","",RANK('F1-Strecken'!H13,'F1-Strecken'!$H$2:$H$21,0)) -> 8 | I13: =IF('F1-Strecken'!I13="","",RANK('F1-Strecken'!I13,'F1-Strecken'!$I$2:$I$21,1)) -> 1 | J13: =IF('F1-Strecken'!J13="","",RANK('F1-Strecken'!J13,'F1-Strecken'!$J$2:$J$21,1)) -> 9 | K13: =IF('F1-Strecken'!K13="","",RANK('F1-Strecken'!K13,'F1-Strecken'!$K$2:$K$21,0)) -> 3 | L13: =IF('F1-Strecken'!L13="","",RANK('F1-Strecken'!L13,'F1-Strecken'!$L$2:$L$21,0)) -> 2 | M13: =IF('F1-Strecken'!M13="","",RANK('F1-Strecken'!M13,'F1-Strecken'!$M$2:$M$21,0)) -> 9 | N13: =IF('F1-Strecken'!N13="","",RANK('F1-Strecken'!N13,'F1-Strecken'!$N$2:$N$21,0)) -> 15 | O13: =IF('F1-Strecken'!O13="","",RANK('F1-Strecken'!O13,'F1-Strecken'!$O$2:$O$21,0)) -> 2 | P13: =IF('F1-Strecken'!P13="","",RANK('F1-Strecken'!P13,'F1-Strecken'!$P$2:$P$21,0)) -> 5
... A21: ='F1-Strecken'!A21 -> Abu Dhabi / Yas Marina (VAE) | B21: =IF('F1-Strecken'!B21="","",RANK('F1-Strecken'!B21,'F1-Strecken'!$B$2:$B$21,0)) -> 10 | C21: =IF('F1-Strecken'!C21="","",RANK('F1-Strecken'!C21,'F1-Strecken'!$C$2:$C$21,0)) -> 11 | D21: =IF('F1-Strecken'!D21="","",RANK('F1-Strecken'!D21,'F1-Strecken'!$D$2:$D$21,0)) -> 10 | E21: =IF('F1-Strecken'!E21="","",RANK('F1-Strecken'!E21,'F1-Strecken'!$E$2:$E$21,0)) -> 12 | F21: =IF('F1-Strecken'!F21="","",RANK('F1-Strecken'!F21,'F1-Strecken'!$F$2:$F$21,0)) -> 13 | G21: =IF('F1-Strecken'!G21="","",RANK('F1-Strecken'!G21,'F1-Strecken'!$G$2:$G$21,1)) -> 16 | H21: =IF('F1-Strecken'!H21="","",RANK('F1-Strecken'!H21,'F1-Strecken'!$H$2:$H$21,0)) -> 15 | I21: =IF('F1-Strecken'!I21="","",RANK('F1-Strecken'!I21,'F1-Strecken'!$I$2:$I$21,1)) -> 11 | J21: =IF('F1-Strecken'!J21="","",RANK('F1-Strecken'!J21,'F1-Strecken'!$J$2:$J$21,1)) -> 16 | K21: =IF('F1-Strecken'!K21="","",RANK('F1-Strecken'!K21,'F1-Strecken'!$K$2:$K$21,0)) -> 16 | L21: =IF('F1-Strecken'!L21="","",RANK('F1-Strecken'!L21,'F1-Strecken'!$L$2:$L$21,0)) -> 15 | M21: =IF('F1-Strecken'!M21="","",RANK('F1-Strecken'!M21,'F1-Strecken'!$M$2:$M$21,0)) -> 17 | N21: =IF('F1-Strecken'!N21="","",RANK('F1-Strecken'!N21,'F1-Strecken'!$N$2:$N$21,0)) -> 4 | O21: =IF('F1-Strecken'!O21="","",RANK('F1-Strecken'!O21,'F1-Strecken'!$O$2:$O$21,0)) -> 7 | P21: =IF('F1-Strecken'!P21="","",RANK('F1-Strecken'!P21,'F1-Strecken'!$P$2:$P$21,0)) -> 15
A23: Rang 1 = bester Wert in Spielrichtung (siehe Blatt Kategorien). Formeln beziehen sich live auf das Datenblatt.

Sheet Kategorien
A1: # | B1: Kategorie | C1: Einheit | D1: Rang 1 = | E1: Datenqualität | F1: Definition / Hinweis
A2: 1 | B2: Streckenlänge | C2: km | D2: längste | E2: hart | F2: Offizielle Länge des aktuellen Layouts
A3: 2 | B3: Kurven | C3: Anzahl | D3: meiste | E3: hart | F3: Offizielle Kurvenzahl des aktuellen Layouts
A4: 3 | B4: Rennrunden | C4: Anzahl | D4: meiste | E4: hart | F4: Runden des Grand Prix (reguläre Distanz)
A5: 4 | B5: Renndistanz | C5: km | D5: längste | E5: hart | F5: Formel: Runden x Streckenlänge
A6: 5 | B6: Kurven pro km | C6: Kurven/km | D6: meiste | E6: hart | F6: Formel: Kurven / Streckenlänge (Dichte)
A7: 6 | B7: Erster F1-Grand-Prix | C7: Jahr | D7: frühestes | E7: hart | F7: Erster WM-Lauf auf dieser Strecke
A8: 7 | B8: Ausgetragene F1-GPs | C8: Anzahl | D8: meiste | E8: mittel | F8: WM-Läufe 1950 bis Ende 2025 (inkl. Doppelrennen 2020/21); bei 'prüfen' unsicher
A9: 8 | B9: Rundenrekord | C9: Sekunden | D9: schnellste | E9: hart | F9: Offizieller Rennrunden-Rekord auf dem aktuellen Layout (Fahrer/Jahr in Anmerkung)
A10: 9 | B10: Eröffnungsjahr der Strecke | C10: Jahr | D10: ältestes | E10: hart | F10: Erstes Rennen auf der Anlage, unabhängig von F1
A11: 10 | B11: Höhe über Meer | C11: m | D11: höchste | E11: mittel | F11: ungefähre Höhe der Start-Ziel-Geraden
A12: 11 | B12: Höhenunterschied | C12: m | D12: grösster | E12: weich | F12: Differenz höchster/tiefster Punkt; teils ca.
A13: 12 | B13: Zuschauer Rennwochenende | C13: Personen | D13: meiste | E13: weich | F13: Veranstalterangaben 2024/25, gerundet; nicht vergleichbar erhoben
... A16: 15 | B16: Breitengrad | C16: Grad | D16: nördlichste | E16: hart | F16: Dezimalgrad; Süden negativ
A18: Hinweise
A19: Stand 22.09.2026. Werte aus allgemeinem Wissen, nicht einzeln gegen Primärquellen verifiziert; 'prüfen' in der Anmerkung markiert unsichere Zellen.
A20: Harte Kategorien (Länge, Kurven, Runden, Rekord, Jahre, DRS, Breitengrad) eignen sich für die Tagesrunde; Zuschauer und Höhenunterschied nur mit Quelle/Jahr anzeigen.
A21: Belastbare Quelle zum Gegenprüfen: Jolpica-API (Ergast-Nachfolger) für Rennen, Runden, Jahre; f1.com-Streckenseiten für Länge, Kurven, Rundenrekord.
