Workbook

Sheet Football Records
A1: ID | B1: Category | C1: Record | D1: Holder | E1: Nation / Club | F1: Gender | G1: Value | H1: Unit | I1: Display | J1: Year set | K1: Years standing | L1: Competition | M1: Check | N1: Note
A2: 1 | B2: World Cup | C2: Most World Cup goals (career) | D2: Kylian Mbappé | E2: France | F2: M | G2: 22 | H2: goals | I2: 22 | J2: 2026 | K2: ='Notes & Sources'!$B$3-J2 -> 0 | L2: FIFA World Cup | M2: Checked online Sept 2026 | N2: Passed Messi (21) and Klose (16) in 2026
A3: 2 | B3: World Cup | C3: Most World Cup matches played | D3: Lionel Messi | E3: Argentina | F3: M | G3: 34 | H3: matches | I3: 34 | J3: 2026 | K3: ='Notes & Sources'!$B$3-J3 -> 0 | L3: FIFA World Cup | M3: Checked online Sept 2026
A4: 3 | B4: World Cup | C4: Most goals at a single World Cup | D4: Just Fontaine | E4: France | F4: M | G4: 13 | H4: goals | I4: 13 | J4: 1958 | K4: ='Notes & Sources'!$B$3-J4 -> 68 | L4: FIFA World Cup | M4: Checked online Sept 2026 | N4: Mbappé scored 10 in 2026
A5: 4 | B5: World Cup | C5: Most World Cup titles | D5: Brazil | E5: Brazil | F5: Team | G5: 5 | H5: titles | I5: 5 | J5: 2002 | K5: ='Notes & Sources'!$B$3-J5 -> 24 | L5: FIFA World Cup | M5: Checked online Sept 2026 | N5: Spain won 2026 (2nd title)
A6: 5 | B6: World Cup | C6: Most World Cup finals played | D6: Germany | E6: Germany | F6: Team | G6: 8 | H6: finals | I6: 8 | J6: 2014 | K6: ='Notes & Sources'!$B$3-J6 -> 12 | L6: FIFA World Cup | M6: Stable – unchanged since set
A7: 6 | B7: World Cup | C7: Most World Cup titles as a player | D7: Pelé | E7: Brazil | F7: M | G7: 3 | H7: titles | I7: 3 | J7: 1970 | K7: ='Notes & Sources'!$B$3-J7 -> 56 | L7: FIFA World Cup | M7: Stable – unchanged since set
A8: 7 | B8: World Cup | C8: Most World Cup titles as a coach | D8: Vittorio Pozzo | E8: Italy | F8: M | G8: 2 | H8: titles | I8: 2 | J8: 1938 | K8: ='Notes & Sources'!$B$3-J8 -> 88 | L8: FIFA World Cup | M8: Stable – unchanged since set
A9: 8 | B9: World Cup | C9: Most World Cup Golden Boots | D9: Kylian Mbappé | E9: France | F9: M | G9: 2 | H9: awards | I9: 2 | J9: 2026 | K9: ='Notes & Sources'!$B$3-J9 -> 0 | L9: FIFA World Cup | M9: Checked online Sept 2026 | N9: 2022 and 2026
A10: 9 | B10: World Cup | C10: Scored at the most World Cups | D10: Cristiano Ronaldo | E10: Portugal | F10: M | G10: 6 | H10: tournaments | I10: 6 | J10: 2026 | K10: ='Notes & Sources'!$B$3-J10 -> 0 | L10: FIFA World Cup | M10: Checked online Sept 2026 | N10: 2006–2026
A11: 10 | B11: World Cup | C11: Oldest World Cup goalscorer | D11: Roger Milla | E11: Cameroon | F11: M | G11: 42.11 | H11: years | I11: 42 y 39 d | J11: 1994 | K11: ='Notes & Sources'!$B$3-J11 -> 32 | L11: FIFA World Cup | M11: Stable – unchanged since set
A12: 11 | B12: World Cup | C12: Most Women's World Cup titles | D12: USA | E12: USA | F12: Team | G12: 4 | H12: titles | I12: 4 | J12: 2019 | K12: ='Notes & Sources'!$B$3-J12 -> 7 | L12: FIFA Women's World Cup | M12: Stable – unchanged since set
A13: 12 | B13: World Cup | C13: Most Women's World Cup goals | D13: Marta | E13: Brazil | F13: W | G13: 17 | H13: goals | I13: 17 | J13: 2019 | K13: ='Notes & Sources'!$B$3-J13 -> 7 | L13: FIFA Women's World Cup | M13: Stable – unchanged since set
A14: 13 | B14: International | C14: Most men's international goals | D14: Cristiano Ronaldo | E14: Portugal | F14: M | G14: 146 | H14: goals | I14: 146 | J14: 2026 | K14: ='Notes & Sources'!$B$3-J14 -> 0 | L14: Internationals | M14: Checked online Sept 2026 | N14: Active – value as of 24 Sept 2026
A15: 14 | B15: International | C15: Most men's international caps | D15: Cristiano Ronaldo | E15: Portugal | F15: M | G15: 234 | H15: caps | I15: 234 | J15: 2026 | K15: ='Notes & Sources'!$B$3-J15 -> 0 | L15: Internationals | M15: Checked online Sept 2026 | N15: Active – value as of 24 Sept 2026 (UEFA)
A16: 15 | B16: International | C16: Scored in most consecutive calendar years | D16: Cristiano Ronaldo | E16: Portugal | F16: M | G16: 23 | H16: years | I16: 23 | J16: 2026 | K16: ='Notes & Sources'!$B$3-J16 -> 0 | L16: Internationals | M16: Checked online Sept 2026 | N16: Every year 2004–2026
A17: 16 | B17: International | C17: Most goals in one international match | D17: Archie Thompson | E17: Australia | F17: M | G17: 13 | H17: goals | I17: 13 | J17: 2001 | K17: ='Notes & Sources'!$B$3-J17 -> 25 | L17: Internationals | M17: Stable – unchanged since set | N17: vs American Samoa
A18: 17 | B18: International | C18: Biggest international win (margin) | D18: Australia | E18: Australia | F18: Team | G18: 31 | H18: goals | I18: 31–0 | J18: 2001 | K18: ='Notes & Sources'!$B$3-J18 -> 25 | L18: Internationals | M18: Stable – unchanged since set | N18: vs American Samoa
A19: 18 | B19: International | C19: Most women's international goals | D19: Christine Sinclair | E19: Canada | F19: W | G19: 190 | H19: goals | I19: 190 | J19: 2023 | K19: ='Notes & Sources'!$B$3-J19 -> 3 | L19: Internationals | M19: Stable – unchanged since set
A20: 19 | B20: International | C20: Most women's international caps | D20: Kristine Lilly | E20: USA | F20: W | G20: 354 | H20: caps | I20: 354 | J20: 2010 | K20: ='Notes & Sources'!$B$3-J20 -> 16 | L20: Internationals | M20: Stable – unchanged since set
A21: 20 | B21: International | C21: Most European Championship titles | D21: Spain | E21: Spain | F21: Team | G21: 4 | H21: titles | I21: 4 | J21: 2024 | K21: ='Notes & Sources'!$B$3-J21 -> 2 | L21: UEFA Euro | M21: Stable – unchanged since set
A22: 21 | B22: International | C22: Most European Championship goals | D22: Cristiano Ronaldo | E22: Portugal | F22: M | G22: 14 | H22: goals | I22: 14 | J22: 2021 | K22: ='Notes & Sources'!$B$3-J22 -> 5 | L22: UEFA Euro | M22: Stable – unchanged since set
A23: 22 | B23: International | C23: Most goals at a single Euro | D23: Michel Platini | E23: France | F23: M | G23: 9 | H23: goals | I23: 9 | J23: 1984 | K23: ='Notes & Sources'!$B$3-J23 -> 42 | L23: UEFA Euro | M23: Stable – unchanged since set
A24: 23 | B24: International | C24: Youngest Euro goalscorer | D24: Lamine Yamal | E24: Spain | F24: M | G24: 16.99 | H24: years | I24: 16 y 362 d | J24: 2024 | K24: ='Notes & Sources'!$B$3-J24 -> 2 | L24: UEFA Euro | M24: Stable – unchanged since set
A25: 24 | B25: International | C25: Most Copa América titles | D25: Argentina | E25: Argentina | F25: Team | G25: 16 | H25: titles | I25: 16 | J25: 2024 | K25: ='Notes & Sources'!$B$3-J25 -> 2 | L25: Copa América | M25: Stable – unchanged since set
A26: 25 | B26: Champions League | C26: Most European Cup / UCL titles (club) | D26: Real Madrid | E26: Real Madrid | F26: Team | G26: 15 | H26: titles | I26: 15 | J26: 2024 | K26: ='Notes & Sources'!$B$3-J26 -> 2 | L26: UEFA Champions League | M26: Checked online Sept 2026 | N26: PSG won 2025 and 2026
A27: 26 | B27: Champions League | C27: Most European Cup titles (player) | D27: Paco Gento | E27: Real Madrid | F27: M | G27: 6 | H27: titles | I27: 6 | J27: 1966 | K27: ='Notes & Sources'!$B$3-J27 -> 60 | L27: UEFA Champions League | M27: Stable – unchanged since set | N27: Equalled by Modrić, Kroos, Carvajal, Nacho in 2024
A28: 27 | B28: Champions League | C28: Most Champions League goals | D28: Cristiano Ronaldo | E28: Portugal | F28: M | G28: 140 | H28: goals | I28: 140 | J28: 2022 | K28: ='Notes & Sources'!$B$3-J28 -> 4 | L28: UEFA Champions League | M28: Stable – unchanged since set | N28: Left European football in 2022
A29: 28 | B29: Champions League | C29: Most Champions League appearances | D29: Cristiano Ronaldo | E29: Portugal | F29: M | G29: 183 | H29: matches | I29: 183 | J29: 2022 | K29: ='Notes & Sources'!$B$3-J29 -> 4 | L29: UEFA Champions League | M29: Stable – unchanged since set
A30: 29 | B30: Champions League | C30: Most Champions League goals for one club | D30: Lionel Messi | E30: Barcelona | F30: M | G30: 120 | H30: goals | I30: 120 | J30: 2021 | K30: ='Notes & Sources'!$B$3-J30 -> 5 | L30: UEFA Champions League | M30: Stable – unchanged since set
A31: 30 | B31: Champions League | C31: Most goals by a player in one UCL match | D31: Messi / Luiz Adriano / Haaland | E31: ARG / BRA / NOR | F31: M | G31: 5 | H31: goals | I31: 5 | J31: 2023 | K31: ='Notes & Sources'!$B$3-J31 -> 3 | L31: UEFA Champions League | M31: Stable – unchanged since set | N31: Shared; year = most recent
A32: 31 | B32: Champions League | C32: Biggest win in a European Cup / UCL final | D32: Paris Saint-Germain | E32: PSG | F32: Team | G32: 5 | H32: goals | I32: 5–0 v Inter | J32: 2025 | K32: ='Notes & Sources'!$B$3-J32 -> 1 | L32: UEFA Champions League | M32: Checked online Sept 2026
A33: 32 | B33: Premier League | C33: Most Premier League goals | D33: Alan Shearer | E33: England | F33: M | G33: 260 | H33: goals | I33: 260 | J33: 2006 | K33: ='Notes & Sources'!$B$3-J33 -> 20 | L33: Premier League | M33: Stable – unchanged since set
A34: 33 | B34: Premier League | C34: Most Premier League assists | D34: Ryan Giggs | E34: Wales | F34: M | G34: 162 | H34: assists | I34: 162 | J34: 2014 | K34: ='Notes & Sources'!$B$3-J34 -> 12 | L34: Premier League | M34: Stable – unchanged since set
A35: 34 | B35: Premier League | C35: Most Premier League clean sheets | D35: Petr Čech | E35: Czechia | F35: M | G35: 202 | H35: clean sheets | I35: 202 | J35: 2019 | K35: ='Notes & Sources'!$B$3-J35 -> 7 | L35: Premier League | M35: Stable – unchanged since set
A36: 35 | B36: Premier League | C36: Most Premier League titles (club) | D36: Manchester United | E36: Man United | F36: Team | G36: 13 | H36: titles | I36: 13 | J36: 2013 | K36: ='Notes & Sources'!$B$3-J36 -> 13 | L36: Premier League | M36: Checked online Sept 2026
A37: 36 | B37: Premier League | C37: Most English top-flight titles | D37: Manchester United / Liverpool | E37: Man United / Liverpool | F37: Team | G37: 20 | H37: titles | I37: 20 | J37: 2025 | K37: ='Notes & Sources'!$B$3-J37 -> 1 | L37: English top flight | M37: Checked online Sept 2026 | N37: Arsenal won 2025–26 (14th)
A38: 37 | B38: Premier League | C38: Most Premier League titles (player) | D38: Ryan Giggs | E38: Wales | F38: M | G38: 13 | H38: titles | I38: 13 | J38: 2013 | K38: ='Notes & Sources'!$B$3-J38 -> 13 | L38: Premier League | M38: Stable – unchanged since set
A39: 38 | B39: Premier League | C39: Most points in a Premier League season | D39: Manchester City | E39: Man City | F39: Team | G39: 100 | H39: points | I39: 100 | J39: 2018 | K39: ='Notes & Sources'!$B$3-J39 -> 8 | L39: Premier League | M39: Stable – unchanged since set
A40: 39 | B40: Premier League | C40: Longest Premier League unbeaten run | D40: Arsenal | E40: Arsenal | F40: Team | G40: 49 | H40: matches | I40: 49 | J40: 2004 | K40: ='Notes & Sources'!$B$3-J40 -> 22 | L40: Premier League | M40: Stable – unchanged since set | N40: 'The Invincibles'
A41: 40 | B41: Premier League | C41: Most consecutive Premier League wins | D41: Manchester City | E41: Man City | F41: Team | G41: 18 | H41: wins | I41: 18 | J41: 2017 | K41: ='Notes & Sources'!$B$3-J41 -> 9 | L41: Premier League | M41: Stable – unchanged since set
A42: 41 | B42: Premier League | C42: Longest unbeaten home run | D42: Chelsea | E42: Chelsea | F42: Team | G42: 86 | H42: matches | I42: 86 | J42: 2008 | K42: ='Notes & Sources'!$B$3-J42 -> 18 | L42: Premier League | M42: Stable – unchanged since set
A43: 42 | B43: Premier League | C43: Longest run without conceding | D43: Edwin van der Sar | E43: Man United | F43: M | G43: 1311 | H43: minutes | I43: 1,311 min | J43: 2009 | K43: ='Notes & Sources'!$B$3-J43 -> 17 | L43: Premier League | M43: Stable – unchanged since set
A44: 43 | B44: Premier League | C44: Fastest Premier League goal | D44: Shane Long | E44: Southampton | F44: M | G44: 7.69 | H44: s | I44: 7.69 s | J44: 2019 | K44: ='Notes & Sources'!$B$3-J44 -> 7 | L44: Premier League | M44: Stable – unchanged since set
A45: 44 | B45: Premier League | C45: Fastest Premier League hat-trick | D45: Sadio Mané | E45: Southampton | F45: M | G45: 176 | H45: s | I45: 2:56 | J45: 2015 | K45: ='Notes & Sources'!$B$3-J45 -> 11 | L45: Premier League | M45: Stable – unchanged since set
A46: 45 | B46: Premier League | C46: Highest-scoring Premier League match | D46: Portsmouth v Reading | E46: Portsmouth | F46: Team | G46: 11 | H46: goals | I46: 7–4 | J46: 2007 | K46: ='Notes & Sources'!$B$3-J46 -> 19 | L46: Premier League | M46: Stable – unchanged since set
A47: 46 | B47: Premier League | C47: Youngest Premier League player | D47: Ethan Nwaneri | E47: Arsenal | F47: M | G47: 15.5 | H47: years | I47: 15 y 181 d | J47: 2022 | K47: ='Notes & Sources'!$B$3-J47 -> 4 | L47: Premier League | M47: Stable – unchanged since set
A48: 47 | B48: Top leagues | C48: Most Bundesliga goals | D48: Gerd Müller | E48: Bayern | F48: M | G48: 365 | H48: goals | I48: 365 | J48: 1979 | K48: ='Notes & Sources'!$B$3-J48 -> 47 | L48: Bundesliga | M48: Stable – unchanged since set
A49: 48 | B49: Top leagues | C49: Most goals in a Bundesliga season | D49: Robert Lewandowski | E49: Bayern | F49: M | G49: 41 | H49: goals | I49: 41 | J49: 2021 | K49: ='Notes & Sources'!$B$3-J49 -> 5 | L49: Bundesliga | M49: Checked online Sept 2026 | N49: Kane scored 36 in 2025–26
A50: 49 | B50: Top leagues | C50: Most Bundesliga titles | D50: Bayern Munich | E50: Bayern | F50: Team | G50: 35 | H50: titles | I50: 35 | J50: 2026 | K50: ='Notes & Sources'!$B$3-J50 -> 0 | L50: Bundesliga | M50: Checked online Sept 2026
A51: 50 | B51: Top leagues | C51: Fastest five goals in a match | D51: Robert Lewandowski | E51: Bayern | F51: M | G51: 539 | H51: s | I51: 8:59 | J51: 2015 | K51: ='Notes & Sources'!$B$3-J51 -> 11 | L51: Bundesliga | M51: Stable – unchanged since set | N51: Came on as a sub vs Wolfsburg
A52: 51 | B52: Top leagues | C52: Most La Liga goals | D52: Lionel Messi | E52: Barcelona | F52: M | G52: 474 | H52: goals | I52: 474 | J52: 2021 | K52: ='Notes & Sources'!$B$3-J52 -> 5 | L52: La Liga | M52: Stable – unchanged since set
A53: 52 | B53: Top leagues | C53: Most goals in a La Liga season | D53: Lionel Messi | E53: Barcelona | F53: M | G53: 50 | H53: goals | I53: 50 | J53: 2012 | K53: ='Notes & Sources'!$B$3-J53 -> 14 | L53: La Liga | M53: Stable – unchanged since set
A54: 53 | B54: Top leagues | C54: Most Serie A goals | D54: Silvio Piola | E54: Italy | F54: M | G54: 274 | H54: goals | I54: 274 | J54: 1954 | K54: ='Notes & Sources'!$B$3-J54 -> 72 | L54: Serie A | M54: Stable – unchanged since set
A55: 54 | B55: Career & awards | C55: Most official career goals | D55: Cristiano Ronaldo | E55: Portugal | F55: M | G55: 979 | H55: goals | I55: 979 | J55: 2026 | K55: ='Notes & Sources'!$B$3-J55 -> 0 | L55: All competitions | M55: Checked online Sept 2026 | N55: Active – value as of 24 Sept 2026
A56: 55 | B56: Career & awards | C56: Most goals for one club | D56: Lionel Messi | E56: Barcelona | F56: M | G56: 672 | H56: goals | I56: 672 | J56: 2021 | K56: ='Notes & Sources'!$B$3-J56 -> 5 | L56: All competitions | M56: Stable – unchanged since set
A57: 56 | B57: Career & awards | C57: Most goals in a calendar year | D57: Lionel Messi | E57: Barcelona / Argentina | F57: M | G57: 91 | H57: goals | I57: 91 | J57: 2012 | K57: ='Notes & Sources'!$B$3-J57 -> 14 | L57: All competitions | M57: Stable – unchanged since set
A58: 57 | B58: Career & awards | C58: Most goals in a club season (Europe) | D58: Lionel Messi | E58: Barcelona | F58: M | G58: 73 | H58: goals | I58: 73 | J58: 2012 | K58: ='Notes & Sources'!$B$3-J58 -> 14 | L58: All competitions | M58: Stable – unchanged since set | N58: 2011–12
A59: 58 | B59: Career & awards | C59: Most Ballon d'Or awards | D59: Lionel Messi | E59: Argentina | F59: M | G59: 8 | H59: awards | I59: 8 | J59: 2023 | K59: ='Notes & Sources'!$B$3-J59 -> 3 | L59: Ballon d'Or | M59: Checked online Sept 2026
A60: 59 | B60: Career & awards | C60: Most Ballon d'Or Féminin awards | D60: Aitana Bonmatí | E60: Spain | F60: W | G60: 3 | H60: awards | I60: 3 | J60: 2025 | K60: ='Notes & Sources'!$B$3-J60 -> 1 | L60: Ballon d'Or | M60: Stable – unchanged since set | N60: 2023, 2024, 2025
A61: 60 | B61: Career & awards | C61: Most goals by a goalkeeper | D61: Rogério Ceni | E61: São Paulo | F61: M | G61: 129 | H61: goals | I61: 129 | J61: 2015 | K61: ='Notes & Sources'!$B$3-J61 -> 11 | L61: All competitions | M61: Stable – unchanged since set | N61: Free kicks and penalties; some sources count 131
A62: 61 | B62: Transfers & crowds | C62: Highest transfer fee | D62: Neymar | E62: Barcelona → PSG | F62: M | G62: 222 | H62: € million | I62: €222m | J62: 2017 | K62: ='Notes & Sources'!$B$3-J62 -> 9 | L62: Transfers | M62: Checked online Sept 2026 | N62: Still the record as of 1 Sept 2026
A63: 62 | B63: Transfers & crowds | C63: Highest women's transfer fee | D63: Grace Geyoro | E63: PSG → London City Lionesses | F63: W | G63: 1.65 | H63: € million | I63: €1.65m | J63: 2025 | K63: ='Notes & Sources'!$B$3-J63 -> 1 | L63: Transfers | M63: Checked online Sept 2026
A64: 63 | B64: Transfers & crowds | C64: Highest football attendance | D64: Uruguay v Brazil, Maracanã | E64: Brazil | F64: Team | G64: 173850 | H64: spectators | I64: 173,850 | J64: 1950 | K64: ='Notes & Sources'!$B$3-J64 -> 76 | L64: FIFA World Cup | M64: Stable – unchanged since set | N64: Official paid figure; ~199,854 incl. non-paying
A65: 64 | B65: Transfers & crowds | C65: Highest attendance at a women's club match | D65: Barcelona v Wolfsburg | E65: Barcelona | F65: W | G65: 91648 | H65: spectators | I65: 91,648 | J65: 2022 | K65: ='Notes & Sources'!$B$3-J65 -> 4 | L65: UEFA Women's Champions League | M65: Stable – unchanged since set | N65: Camp Nou
A66: 65 | B66: Crazy & historic | C66: Highest score in a football match | D66: AS Adema v SO l'Emyrne | E66: Madagascar | F66: Team | G66: 149 | H66: goals | I66: 149–0 | J66: 2002 | K66: ='Notes & Sources'!$B$3-J66 -> 24 | L66: Madagascar league | M66: Stable – unchanged since set | N66: All own goals, scored in protest
A67: 66 | B67: Crazy & historic | C67: Most red cards in one match | D67: Claypole v Victoriano Arenas | E67: Argentina | F67: Team | G67: 36 | H67: red cards | I67: 36 | J67: 2011 | K67: ='Notes & Sources'!$B$3-J67 -> 15 | L67: Argentine 5th tier | M67: Stable – unchanged since set | N67: Mass brawl
A68: 67 | B68: Crazy & historic | C68: Most goals in a domestic cup match | D68: Stefan Dembicki ('Stanis') | E68: RC Lens | F68: M | G68: 16 | H68: goals | I68: 16 | J68: 1942 | K68: ='Notes & Sources'!$B$3-J68 -> 84 | L68: Coupe de France | M68: Stable – unchanged since set | N68: Lens 32–0 Auby-Asturies
A69: 68 | B69: Crazy & historic | C69: Fastest red card | D69: Lee Todd | E69: Cross Farm Park Celtic | F69: M | G69: 2 | H69: s | I69: 2 s | J69: 2000 | K69: ='Notes & Sources'!$B$3-J69 -> 26 | L69: English Sunday league | M69: Stable – unchanged since set | N69: Swore at the referee after the kick-off whistle
A70: 69 | B70: Crazy & historic | C70: Longest penalty shoot-out | D70: Dimona v Shimshon Tel Aviv | E70: Israel | F70: Team | G70: 56 | H70: penalties | I70: 23–22 | J70: 2024 | K70: ='Notes & Sources'!$B$3-J70 -> 2 | L70: Israeli 3rd tier | M70: Checked online Sept 2026
A71: 70 | B71: Crazy & historic | C71: Longest unbeaten run by a club | D71: ASEC Mimosas | E71: Ivory Coast | F71: Team | G71: 108 | H71: matches | I71: 108 | J71: 1994 | K71: ='Notes & Sources'!$B$3-J71 -> 32 | L71: Ivorian league | M71: Stable – unchanged since set
A72: 71 | B72: Crazy & historic | C72: Longest marathon keeping a football up | D72: Abraham Muñoz | E72: Mexico | F72: M | G72: 100800 | H72: s | I72: 28:00:00 | J72: 2017 | K72: ='Notes & Sources'!$B$3-J72 -> 9 | L72: Guinness | M72: Checked online Sept 2026
A73: 72 | B73: Crazy & historic | C73: Longest time continuously controlling a ball | D73: Abraham Muñoz | E73: Mexico | F73: M | G73: 75660 | H73: s | I73: 21:01:00 | J73: 2010 | K73: ='Notes & Sources'!$B$3-J73 -> 16 | L73: Guinness | M73: Checked online Sept 2026 | N73: Ball never touched the ground
A74: 73 | B74: Crazy & historic | C74: Fastest marathon while juggling a football | D74: Abraham Muñoz | E74: Mexico | F74: M | G74: 20512 | H74: s | I74: 5:41:52 | J74: 2016 | K74: ='Notes & Sources'!$B$3-J74 -> 10 | L74: Guinness | M74: Checked online Sept 2026 | N74: 42.2 km without dropping it
A75: 74 | B75: Crazy & historic | C75: Longest football control with feet only | D75: Saeid Momivand | E75: Iran | F75: M | G75: 43200 | H75: s | I75: 12:00:00 | J75: 2022 | K75: ='Notes & Sources'!$B$3-J75 -> 4 | L75: Guinness | M75: Checked online Sept 2026
A76: 75 | B76: Crazy & historic | C76: Longest header juggling while sitting | D76: Tomas Lundman | E76: Sweden | F76: M | G76: 14966 | H76: s | I76: 4:09:26 | J76: 2007 | K76: ='Notes & Sources'!$B$3-J76 -> 19 | L76: Guinness | M76: Checked online Sept 2026
A77: 76 | B77: Crazy & historic | C77: Longest football balanced on the back | D77: Dan Magness | E77: England | F77: M | G77: 248.56 | H77: s | I77: 4:08.56 | J77: 2016 | K77: ='Notes & Sources'!$B$3-J77 -> 10 | L77: Guinness | M77: Checked online Sept 2026
A78: 77 | B78: Crazy & historic | C78: Longest keepy-uppy on a moving car's roof | D78: Ash Randall | E78: Wales | F78: M | G78: 93 | H78: s | I78: 1:33 | J78: 2014 | K78: ='Notes & Sources'!$B$3-J78 -> 12 | L78: Guinness | M78: Checked online Sept 2026 | N78: Cardiff Airport runway
A79: 78 | B79: Players – all-time | C79: Most domestic league goals | D79: Josef Bican | E79: Austria / Czechoslovakia | F79: M | G79: 643 | H79: goals | I79: 643 | J79: 1957 | K79: ='Notes & Sources'!$B$3-J79 -> 69 | L79: League football | M79: Stable – unchanged since set
A80: 79 | B80: Players – all-time | C80: Best goals-per-game ratio | D80: Josef Bican | E80: Austria / Czechoslovakia | F80: M | G80: 1.52 | H80: goals/game | I80: 1.52 | J80: 1957 | K80: ='Notes & Sources'!$B$3-J80 -> 69 | L80: All competitions | M80: Stable – unchanged since set
A81: 80 | B81: Players – all-time | C81: Most domestic cup goals | D81: Eusébio | E81: Benfica | F81: M | G81: 97 | H81: goals | I81: 97 | J81: 1974 | K81: ='Notes & Sources'!$B$3-J81 -> 52 | L81: Taça de Portugal | M81: Stable – unchanged since set
A82: 81 | B82: Players – all-time | C82: Most goals in one season | D82: Ernst Wilimowski | E82: PSV Chemnitz | F82: M | G82: 107 | H82: goals | I82: 107 | J82: 1941 | K82: ='Notes & Sources'!$B$3-J82 -> 85 | L82: All competitions | M82: Stable – unchanged since set | N82: 1940–41
A83: 82 | B83: Players – all-time | C83: Most goals in a club season | D83: Fred Roberts | E83: Glentoran | F83: M | G83: 96 | H83: goals | I83: 96 | J83: 1931 | K83: ='Notes & Sources'!$B$3-J83 -> 95 | L83: All competitions | M83: Stable – unchanged since set | N83: 1930–31
A84: 83 | B84: Players – all-time | C84: Most international goals in a calendar year | D84: Sándor Kocsis | E84: Hungary | F84: M | G84: 23 | H84: goals | I84: 23 | J84: 1954 | K84: ='Notes & Sources'!$B$3-J84 -> 72 | L84: Internationals | M84: Stable – unchanged since set
A85: 84 | B85: Players – all-time | C85: Most goals by a defender (career) | D85: Ronald Koeman | E85: Netherlands | F85: M | G85: 253 | H85: goals | I85: 253 | J85: 1997 | K85: ='Notes & Sources'!$B$3-J85 -> 29 | L85: All competitions | M85: Stable – unchanged since set
A86: 85 | B86: Players – all-time | C86: Most goals by a midfielder (career) | D86: Zico | E86: Brazil | F86: M | G86: 501 | H86: goals | I86: 501 | J86: 1994 | K86: ='Notes & Sources'!$B$3-J86 -> 32 | L86: All competitions | M86: Stable – unchanged since set
A87: 86 | B87: Players – all-time | C87: Most goals by a defender in a calendar year | D87: Daniel Passarella | E87: Argentina | F87: M | G87: 27 | H87: goals | I87: 27 | J87: 1976 | K87: ='Notes & Sources'!$B$3-J87 -> 50 | L87: All competitions | M87: Stable – unchanged since set
A88: 87 | B88: Players – all-time | C88: Most headed goals (career) | D88: Jimmy McGrory | E88: Celtic | F88: M | G88: 162 | H88: goals | I88: 162 | J88: 1937 | K88: ='Notes & Sources'!$B$3-J88 -> 89 | L88: All competitions | M88: Stable – unchanged since set
A89: 88 | B89: Players – all-time | C89: Most international headed goals | D89: Cristiano Ronaldo | E89: Portugal | F89: M | G89: 28 | H89: goals | I89: 28 | J89: 2026 | K89: ='Notes & Sources'!$B$3-J89 -> 0 | L89: Internationals | M89: Checked online Sept 2026 | N89: Active – value as of 24 Sept 2026 (UEFA)
A90: 89 | B90: Players – all-time | C90: Most goals direct from a corner | D90: Şükrü Gülesin | E90: Turkey | F90: M | G90: 32 | H90: goals | I90: 32 | J90: 1955 | K90: ='Notes & Sources'!$B$3-J90 -> 71 | L90: All competitions | M90: Stable – unchanged since set
A91: 90 | B91: Players – all-time | C91: Most bicycle-kick goals | D91: Hugo Sánchez | E91: Mexico | F91: M | G91: 35 | H91: goals | I91: 35 | J91: 1997 | K91: ='Notes & Sources'!$B$3-J91 -> 29 | L91: All competitions | M91: Stable – unchanged since set
A92: 91 | B92: Players – all-time | C92: Most free-kick goals in a calendar year | D92: Jorge Aravena | E92: Chile | F92: M | G92: 19 | H92: goals | I92: 19 | J92: 1983 | K92: ='Notes & Sources'!$B$3-J92 -> 43 | L92: All competitions | M92: Stable – unchanged since set
A93: 92 | B93: Players – all-time | C93: Most hat-tricks | D93: Erwin Helmchen | E93: Germany | F93: M | G93: 142 | H93: hat-tricks | I93: 142 | J93: 1951 | K93: ='Notes & Sources'!$B$3-J93 -> 75 | L93: All competitions | M93: Stable – unchanged since set
A94: 93 | B94: Players – all-time | C94: Most consecutive club games scoring | D94: Josef Bican | E94: Slavia Prague | F94: M | G94: 21 | H94: matches | I94: 21 | J94: 1940 | K94: ='Notes & Sources'!$B$3-J94 -> 86 | L94: League football | M94: Stable – unchanged since set
A95: 94 | B95: Players – all-time | C95: Most consecutive international games scoring | D95: Abdul Ghani Minhat / Erling Haaland | E95: Malaysia / Norway | F95: M | G95: 11 | H95: matches | I95: 11 | J95: 2025 | K95: ='Notes & Sources'!$B$3-J95 -> 1 | L95: Internationals | M95: Stable – unchanged since set | N95: Shared
A96: 95 | B96: Players – all-time | C96: Most domestic top-scorer awards | D96: Romário | E96: Brazil | F96: M | G96: 15 | H96: awards | I96: 15 | J96: 2009 | K96: ='Notes & Sources'!$B$3-J96 -> 17 | L96: League football | M96: Stable – unchanged since set | N96: Includes Brazilian state leagues
A97: 96 | B97: Players – all-time | C97: Most international club titles | D97: Luka Modrić | E97: Real Madrid | F97: M | G97: 17 | H97: titles | I97: 17 | J97: 2024 | K97: ='Notes & Sources'!$B$3-J97 -> 2 | L97: Continental & world club cups | M97: Stable – unchanged since set
A98: 97 | B98: Players – all-time | C98: Most red cards (career) | D98: Gerardo Bedoya | E98: Colombia | F98: M | G98: 46 | H98: red cards | I98: 46 | J98: 2015 | K98: ='Notes & Sources'!$B$3-J98 -> 11 | L98: All competitions | M98: Stable – unchanged since set
A99: 98 | B99: Players – all-time | C99: Most penalties missed in one match | D99: Martín Palermo | E99: Argentina | F99: M | G99: 3 | H99: penalties | I99: 3 | J99: 1999 | K99: ='Notes & Sources'!$B$3-J99 -> 27 | L99: Copa América | M99: Stable – unchanged since set | N99: vs Colombia
A100: 99 | B100: Players – all-time | C100: Most clubs played for | D100: Carlos Frontini | E100: Brazil | F100: M | G100: 37 | H100: clubs | I100: 37 | J100: 2020 | K100: ='Notes & Sources'!$B$3-J100 -> 6 | L100: All competitions | M100: Stable – unchanged since set
...

Sheet By Category
A1: Category | B1: Records | C1: Checked online | D1: Oldest (year set) | E1: Newest (year set)
A2: World Cup | B2: =COUNTIF('Football Records'!B:B,A2) -> 12 | C2: =COUNTIFS('Football Records'!B:B,A2,'Football Records'!M:M,"Checked online Sept 2026") -> 6 | D2: =_xlfn.MINIFS('Football Records'!J:J,'Football Records'!B:B,A2) -> 1938 | E2: =_xlfn.MAXIFS('Football Records'!J:J,'Football Records'!B:B,A2) -> 2026
A3: International | B3: =COUNTIF('Football Records'!B:B,A3) -> 12 | C3: =COUNTIFS('Football Records'!B:B,A3,'Football Records'!M:M,"Checked online Sept 2026") -> 3 | D3: =_xlfn.MINIFS('Football Records'!J:J,'Football Records'!B:B,A3) -> 1984 | E3: =_xlfn.MAXIFS('Football Records'!J:J,'Football Records'!B:B,A3) -> 2026
A4: Champions League | B4: =COUNTIF('Football Records'!B:B,A4) -> 7 | C4: =COUNTIFS('Football Records'!B:B,A4,'Football Records'!M:M,"Checked online Sept 2026") -> 2 | D4: =_xlfn.MINIFS('Football Records'!J:J,'Football Records'!B:B,A4) -> 1966 | E4: =_xlfn.MAXIFS('Football Records'!J:J,'Football Records'!B:B,A4) -> 2025
A5: Premier League | B5: =COUNTIF('Football Records'!B:B,A5) -> 15 | C5: =COUNTIFS('Football Records'!B:B,A5,'Football Records'!M:M,"Checked online Sept 2026") -> 2 | D5: =_xlfn.MINIFS('Football Records'!J:J,'Football Records'!B:B,A5) -> 2004 | E5: =_xlfn.MAXIFS('Football Records'!J:J,'Football Records'!B:B,A5) -> 2025
A6: Top leagues | B6: =COUNTIF('Football Records'!B:B,A6) -> 7 | C6: =COUNTIFS('Football Records'!B:B,A6,'Football Records'!M:M,"Checked online Sept 2026") -> 2 | D6: =_xlfn.MINIFS('Football Records'!J:J,'Football Records'!B:B,A6) -> 1954 | E6: =_xlfn.MAXIFS('Football Records'!J:J,'Football Records'!B:B,A6) -> 2026
A7: Career & awards | B7: =COUNTIF('Football Records'!B:B,A7) -> 7 | C7: =COUNTIFS('Football Records'!B:B,A7,'Football Records'!M:M,"Checked online Sept 2026") -> 2 | D7: =_xlfn.MINIFS('Football Records'!J:J,'Football Records'!B:B,A7) -> 2012 | E7: =_xlfn.MAXIFS('Football Records'!J:J,'Football Records'!B:B,A7) -> 2026
A8: Transfers & crowds | B8: =COUNTIF('Football Records'!B:B,A8) -> 4 | C8: =COUNTIFS('Football Records'!B:B,A8,'Football Records'!M:M,"Checked online Sept 2026") -> 2 | D8: =_xlfn.MINIFS('Football Records'!J:J,'Football Records'!B:B,A8) -> 1950 | E8: =_xlfn.MAXIFS('Football Records'!J:J,'Football Records'!B:B,A8) -> 2025
A9: Crazy & historic | B9: =COUNTIF('Football Records'!B:B,A9) -> 31 | C9: =COUNTIFS('Football Records'!B:B,A9,'Football Records'!M:M,"Checked online Sept 2026") -> 8 | D9: =_xlfn.MINIFS('Football Records'!J:J,'Football Records'!B:B,A9) -> 1857 | E9: =_xlfn.MAXIFS('Football Records'!J:J,'Football Records'!B:B,A9) -> 2024
A10: Players – all-time | B10: =COUNTIF('Football Records'!B:B,A10) -> 27 | C10: =COUNTIFS('Football Records'!B:B,A10,'Football Records'!M:M,"Checked online Sept 2026") -> 1 | D10: =_xlfn.MINIFS('Football Records'!J:J,'Football Records'!B:B,A10) -> 1931 | E10: =_xlfn.MAXIFS('Football Records'!J:J,'Football Records'!B:B,A10) -> 2026
A11: Ages & careers | B11: =COUNTIF('Football Records'!B:B,A11) -> 11 | C11: =COUNTIFS('Football Records'!B:B,A11,'Football Records'!M:M,"Checked online Sept 2026") -> 0 | D11: =_xlfn.MINIFS('Football Records'!J:J,'Football Records'!B:B,A11) -> 2000 | E11: =_xlfn.MAXIFS('Football Records'!J:J,'Football Records'!B:B,A11) -> 2026
A12: Goalkeepers | B12: =COUNTIF('Football Records'!B:B,A12) -> 7 | C12: =COUNTIFS('Football Records'!B:B,A12,'Football Records'!M:M,"Checked online Sept 2026") -> 0 | D12: =_xlfn.MINIFS('Football Records'!J:J,'Football Records'!B:B,A12) -> 1974 | E12: =_xlfn.MAXIFS('Football Records'!J:J,'Football Records'!B:B,A12) -> 2016
A13: Coaches | B13: =COUNTIF('Football Records'!B:B,A13) -> 5 | C13: =COUNTIFS('Football Records'!B:B,A13,'Football Records'!M:M,"Checked online Sept 2026") -> 0 | D13: =_xlfn.MINIFS('Football Records'!J:J,'Football Records'!B:B,A13) -> 1940 | E13: =_xlfn.MAXIFS('Football Records'!J:J,'Football Records'!B:B,A13) -> 2013
A14: Clubs & teams | B14: =COUNTIF('Football Records'!B:B,A14) -> 15 | C14: =COUNTIFS('Football Records'!B:B,A14,'Football Records'!M:M,"Checked online Sept 2026") -> 0 | D14: =_xlfn.MINIFS('Football Records'!J:J,'Football Records'!B:B,A14) -> 1885 | E14: =_xlfn.MAXIFS('Football Records'!J:J,'Football Records'!B:B,A14) -> 2025
A15: Total | B15: =SUM(B2:B14) -> 160 | C15: =SUM(C2:C14) -> 28 | D15: =MIN(D2:D14) -> 1857 | E15: =MAX(E2:E14) -> 2026

Sheet Notes & Sources
A1: Sportrankle – Football Records (state: 25 September 2026)
A3: Reference year (edit) | B3: 2026
A5: Value | B5: Numeric value for sorting. Times are stored in seconds (see 'Display'), ages in years, fees in € million.
A6: Years standing | B6: Reference year minus Year set. Change B3 to update.
A7: Check: Checked online Sept 2026 | B7: Holder and value confirmed on 25 Sept 2026 against FIFA, UEFA, league sites, Guinness World Records or major outlets (Sky Sports, ESPN, AP, Olympics.com, Wikipedia records lists).
A8: Check: Stable – unchanged since set | B8: Historic records with no change as of Sept 2026 (holder retired, competition ended, or nobody close).
A9: Active players | B9: Ronaldo's international goals, caps and career goals keep moving – values are frozen at 24 Sept 2026.
A10: Left out on purpose | B10: Records whose current value could not be confirmed for Sept 2026, e.g. La Liga/Serie A/Ligue 1 title counts (2025–26 champions not confirmed), Messi's trophy count, Premier League appearance record (Milner still active), Unai Simón's final World Cup clean-sheet minutes, final 2026 World Cup goal and attendance totals.
A11: Comparability | B11: Units differ between rows – rank within the same unit, or use 'Year set' / 'Years standing' across all records.
