Workbook

Sheet Mannschaftssportarten
A1: Sportart | B1: Aktive pro Team auf dem Feld (Spieler) | C1: Spielfeldfläche (m²) | D1: Spielfeldlänge (m) | E1: Spielabschnitte (Anzahl) | F1: Schiedsrichter im Spiel (Personen) | G1: Punkte für den höchsten Einzeltreffer (Punkte) | H1: Gewicht Spielgerät (g) | I1: Durchmesser / Länge Spielgerät (cm) | J1: Höhe Tor / Korb / Netz (cm) | K1: Entstehungsjahr (moderne Regeln) (Jahr) | L1: Gründungsjahr Weltverband (Jahr) | M1: Mitgliedsverbände Weltverband (Anzahl) | N1: Erste Herren-WM (Jahr) | O1: Erste Frauen-WM (Jahr) | P1: Teams an der letzten WM (Herren) (Anzahl) | Q1: Anmerkung / Prüfen | R1: Bildquelle (Wikimedia Commons) | S1: Bild-URL | T1: Bild
A2: Fussball | B2: 11 | C2: 7140 | D2: 105 | E2: 2 | F2: 1 | G2: 1 | H2: 430 | I2: 22 | J2: 244 | K2: 1863 | L2: 1904 | M2: 211 | N2: 1930 | O2: 1991 | P2: 48 | Q2: Feld 105x68 (FIFA-Standard); WM 2026 mit 48 Teams | R2: https://commons.wikimedia.org/wiki/File:Adidas_soccer_ball_on_a_grass_pitch_(Unsplash).jpg | S2: https://upload.wikimedia.org/wikipedia/commons/thumb/7/7f/Adidas_soccer_ball_on_a_grass_pitch_(Unsplash).jpg/960px-Adidas_soccer_ball_on_a_grass_pitch_(Unsplash).jpg | T2: =_xlfn.IMAGE(S2,"Fussball",0)
A3: Basketball | B3: 5 | C3: 420 | D3: 28 | E3: 4 | F3: 3 | G3: 3 | H3: 620 | I3: 24 | J3: 305 | K3: 1891 | L3: 1932 | M3: 212 | N3: 1950 | O3: 1953 | P3: 32 | Q3: FIBA-Masse | R3: https://commons.wikimedia.org/wiki/File:Basketball_through_hoop.jpg | S3: https://upload.wikimedia.org/wikipedia/commons/thumb/1/10/Basketball_through_hoop.jpg/960px-Basketball_through_hoop.jpg | T3: =_xlfn.IMAGE(S3,"Basketball",0)
A4: Handball | B4: 7 | C4: 800 | D4: 40 | E4: 2 | F4: 2 | G4: 1 | H4: 450 | I4: 19 | J4: 200 | K4: 1917 | L4: 1946 | M4: 209 | N4: 1938 | O4: 1957 | P4: 32 | R4: https://commons.wikimedia.org/wiki/File:Handball_champ_2011-_Egypt_vs_France.jpg | S4: https://upload.wikimedia.org/wikipedia/commons/thumb/d/df/Handball_champ_2011-_Egypt_vs_France.jpg/960px-Handball_champ_2011-_Egypt_vs_France.jpg | T4: =_xlfn.IMAGE(S4,"Handball",0)
A5: Volleyball | B5: 6 | C5: 162 | D5: 18 | E5: 5 | F5: 2 | G5: 1 | H5: 270 | I5: 21 | J5: 243 | K5: 1895 | L5: 1947 | M5: 222 | N5: 1949 | O5: 1952 | P5: 32 | Q5: Abschnitte = max. Sätze; Netzhöhe Herren | R5: https://commons.wikimedia.org/wiki/File:Volleyball_spike.jpg | S5: https://upload.wikimedia.org/wikipedia/commons/thumb/f/f6/Volleyball_spike.jpg/960px-Volleyball_spike.jpg | T5: =_xlfn.IMAGE(S5,"Volleyball",0)
A6: Beachvolleyball | B6: 2 | C6: 128 | D6: 16 | E6: 3 | F6: 2 | G6: 1 | H6: 270 | I6: 21 | J6: 243 | K6: 1920 | L6: 1947 | M6: 222 | N6: 1997 | O6: 1997 | P6: 48 | Q6: Abschnitte = max. Sätze | R6: https://commons.wikimedia.org/wiki/File:2017_European_Beach_Volleyball_Championships.jpg | S6: https://upload.wikimedia.org/wikipedia/commons/8/82/2017_European_Beach_Volleyball_Championships.jpg | T6: =_xlfn.IMAGE(S6,"Beachvolleyball",0)
A7: Eishockey | B7: 6 | C7: 1800 | D7: 60 | E7: 3 | F7: 2 | G7: 1 | H7: 165 | I7: 7.6 | J7: 122 | K7: 1875 | L7: 1908 | M7: 84 | N7: 1920 | O7: 1990 | P7: 16 | Q7: IIHF-Feld 60x30; 2 Hauptschiedsrichter + 2 Linienrichter; erste WM 1920 (Olympia), eigenständig 1930 | R7: https://commons.wikimedia.org/wiki/File:Ice_hockey_stick_and_puck_20170120.jpg | S7: https://upload.wikimedia.org/wikipedia/commons/thumb/b/bd/Ice_hockey_stick_and_puck_20170120.jpg/960px-Ice_hockey_stick_and_puck_20170120.jpg | T7: =_xlfn.IMAGE(S7,"Eishockey",0)
A8: Feldhockey | B8: 11 | C8: 5027 | D8: 91.4 | E8: 4 | F8: 2 | G8: 1 | H8: 160 | I8: 7.3 | J8: 214 | K8: 1886 | L8: 1924 | M8: 140 | N8: 1971 | O8: 1974 | P8: 16 | Q8: Feld 91.4x55 | R8: https://commons.wikimedia.org/wiki/File:Field_hockey_at_the_2012_Summer_Olympics_-_NZL-AUS_(7796665032).jpg | S8: https://upload.wikimedia.org/wikipedia/commons/thumb/e/eb/Field_hockey_at_the_2012_Summer_Olympics_-_NZL-AUS_(7796665032).jpg/960px-Field_hockey_at_the_2012_Summer_Olympics_-_NZL-AUS_(7796665032).jpg | T8: =_xlfn.IMAGE(S8,"Feldhockey",0)
A9: Rugby Union | B9: 15 | C9: 7000 | D9: 100 | E9: 2 | F9: 1 | G9: 5 | H9: 435 | I9: 30 | J9: 300 | K9: 1871 | L9: 1886 | M9: 130 | N9: 1987 | O9: 1991 | P9: 20 | Q9: Feld 100x70 ohne Malfeld; Punkte = Versuch; Höhe = Querlatte; Länge Spielgerät = Ball-Längsachse; WM 2027 mit 24 Teams | R9: https://commons.wikimedia.org/wiki/File:Scrum-1.JPG | S9: https://upload.wikimedia.org/wikipedia/commons/thumb/b/bd/Scrum-1.JPG/960px-Scrum-1.JPG | T9: =_xlfn.IMAGE(S9,"Rugby Union",0)
A10: Rugby League | B10: 13 | C10: 6800 | D10: 100 | E10: 2 | F10: 1 | G10: 4 | H10: 435 | I10: 27 | J10: 300 | K10: 1895 | L10: 1948 | M10: 40 | N10: 1954 | O10: 2000 | P10: 16 | Q10: Mitgliederzahl prüfen; Teams = WM 2021 (WM 2026 noch offen) | R10: https://commons.wikimedia.org/wiki/File:England_v_France_2013_RLWC_(1).jpg | S10: https://upload.wikimedia.org/wikipedia/commons/thumb/c/cb/England_v_France_2013_RLWC_(1).jpg/960px-England_v_France_2013_RLWC_(1).jpg | T10: =_xlfn.IMAGE(S10,"Rugby League",0)
A11: American Football | B11: 11 | C11: 5353 | D11: 109.7 | E11: 4 | F11: 7 | G11: 6 | H11: 415 | I11: 28 | J11: 305 | K11: 1880 | L11: 1998 | M11: 70 | N11: 1999 | O11: 2010 | P11: 7 | Q11: 120 x 53.3 yd inkl. Endzonen; Punkte = Touchdown; 7 Offizielle (NFL-Crew); Teams an IFAF-WM prüfen | R11: https://commons.wikimedia.org/wiki/File:2007_Hawaii_Bowl_-_Boise_State_University_vs_East_Carolina_University_-_Patrick_Pinkney_running.jpg | S11: https://upload.wikimedia.org/wikipedia/commons/thumb/0/07/2007_Hawaii_Bowl_-_Boise_State_University_vs_East_Carolina_University_-_Patrick_Pinkney_running.jpg/960px-2007_Hawaii_Bowl_-_Boise_State_University_vs_East_Carolina_University_-_Patrick_Pinkney_running.jpg | T11: =_xlfn.IMAGE(S11,"American Football",0)
A12: Cricket | B12: 11 | C12: 16000 | D12: 20.12 | E12: 2 | F12: 2 | G12: 6 | H12: 160 | I12: 7.2 | J12: 71.1 | K12: 1744 | L12: 1909 | M12: 108 | N12: 1975 | O12: 1973 | P12: 10 | Q12: Fläche ca., Oval variabel; Länge = Pitch; Abschnitte = Innings (ODI); Höhe = Stumps; Teams = ODI-WM 2023 (T20-WM 2024: 20) | R12: https://commons.wikimedia.org/wiki/File:Cricket_picture.jpg | S12: https://upload.wikimedia.org/wikipedia/commons/thumb/3/3e/Cricket_picture.jpg/960px-Cricket_picture.jpg | T12: =_xlfn.IMAGE(S12,"Cricket",0)
A13: Baseball | B13: 9 | C13: 10000 | D13: 27.43 | E13: 9 | F13: 4 | G13: 4 | H13: 145 | I13: 7.4 | K13: 1845 | L13: 2013 | M13: 200 | N13: 1938 | O13: 2004 | P13: 20 | Q13: Fläche ca. inkl. Foul-Territorium; Länge = Base-Distanz; Punkte = Grand Slam (4 Runs); 4 Umpires (MLB); Teams = WBC 2026 | R13: https://commons.wikimedia.org/wiki/File:A_baseball_and_glove.jpg | S13: https://upload.wikimedia.org/wikipedia/commons/b/b1/A_baseball_and_glove.jpg | T13: =_xlfn.IMAGE(S13,"Baseball",0)
A14: Softball | B14: 9 | C14: 4000 | D14: 18.29 | E14: 7 | F14: 3 | G14: 4 | H14: 188 | I14: 9.7 | K14: 1887 | L14: 2013 | M14: 200 | N14: 1965 | O14: 1965 | P14: 16 | Q14: Fastpitch; Fläche ca.; Länge = Base-Distanz; Teams an letzter WM prüfen | R14: https://commons.wikimedia.org/wiki/File:DCTC-Fastpitch-Softball.jpg | S14: https://upload.wikimedia.org/wikipedia/commons/thumb/f/f9/DCTC-Fastpitch-Softball.jpg/960px-DCTC-Fastpitch-Softball.jpg | T14: =_xlfn.IMAGE(S14,"Softball",0) -> #VALUE!
A15: Wasserball | B15: 7 | C15: 600 | D15: 30 | E15: 4 | F15: 2 | G15: 1 | H15: 425 | I15: 22 | J15: 90 | K15: 1870 | L15: 1908 | M15: 210 | N15: 1973 | O15: 1986 | P15: 16 | Q15: Feld 30x20 (Herren); Höhe = Tor über Wasser | R15: https://commons.wikimedia.org/wiki/File:WaterPolo.JPG | S15: https://upload.wikimedia.org/wikipedia/commons/thumb/e/e5/WaterPolo.JPG/960px-WaterPolo.JPG | T15: =_xlfn.IMAGE(S15,"Wasserball",0)
A16: Unihockey | B16: 6 | C16: 800 | D16: 40 | E16: 3 | F16: 2 | G16: 1 | H16: 23 | I16: 7.2 | J16: 115 | K16: 1979 | L16: 1986 | M16: 80 | N16: 1996 | O16: 1997 | P16: 16 | Q16: Grossfeld 40x20 | R16: https://commons.wikimedia.org/wiki/File:Floorball_stick_blade_and_ball.jpg | S16: https://upload.wikimedia.org/wikipedia/commons/thumb/f/f0/Floorball_stick_blade_and_ball.jpg/960px-Floorball_stick_blade_and_ball.jpg | T16: =_xlfn.IMAGE(S16,"Unihockey",0) -> #VALUE!
A17: Lacrosse | B17: 10 | C17: 5522 | D17: 100.6 | E17: 4 | F17: 3 | G17: 1 | H17: 145 | I17: 6.4 | J17: 183 | K17: 1867 | L17: 2008 | M17: 90 | N17: 1967 | O17: 1982 | P17: 30 | Q17: Field Lacrosse 110x60 yd; Teams = WM 2023 | R17: https://commons.wikimedia.org/wiki/File:Lacrosse_stick_8025.jpg | S17: https://upload.wikimedia.org/wikipedia/commons/thumb/f/f1/Lacrosse_stick_8025.jpg/960px-Lacrosse_stick_8025.jpg | T17: =_xlfn.IMAGE(S17,"Lacrosse",0)
A18: Futsal | B18: 5 | C18: 800 | D18: 40 | E18: 2 | F18: 2 | G18: 1 | H18: 420 | I18: 20 | J18: 200 | K18: 1930 | L18: 1904 | M18: 211 | N18: 1989 | O18: 2025 | P18: 24 | Q18: Feld 40x20 international; erste FIFA-Frauen-WM 2025 | R18: https://commons.wikimedia.org/wiki/File:FIFA_Futsal_WWC_Philsports_Arena.jpg | S18: https://upload.wikimedia.org/wikipedia/commons/thumb/0/0f/FIFA_Futsal_WWC_Philsports_Arena.jpg/960px-FIFA_Futsal_WWC_Philsports_Arena.jpg | T18: =_xlfn.IMAGE(S18,"Futsal",0)
A19: Netball | B19: 7 | C19: 465 | D19: 30.5 | E19: 4 | F19: 2 | G19: 1 | H19: 425 | I19: 22 | J19: 305 | K19: 1895 | L19: 1960 | M19: 70 | N19: 1963 | O19: 1963 | P19: 16 | Q19: Feld 30.5x15.25 | R19: https://commons.wikimedia.org/wiki/File:North_Central_Netball_Victoria.jpg | S19: https://upload.wikimedia.org/wikipedia/commons/thumb/e/e7/North_Central_Netball_Victoria.jpg/960px-North_Central_Netball_Victoria.jpg | T19: =_xlfn.IMAGE(S19,"Netball",0)
A20: Curling | B20: 4 | C20: 217 | D20: 45.72 | E20: 10 | F20: 0 | G20: 8 | H20: 19000 | I20: 29 | K20: 1541 | L20: 1966 | M20: 70 | N20: 1959 | O20: 1979 | P20: 13 | Q20: Fläche/Länge = Sheet; Abschnitte = Ends (WM 10, Olympia 2026: 8); selbstregulierend, kein Schiedsrichter auf dem Eis; Punkte = max. pro End; Gewicht/Durchmesser = Stein | R20: https://commons.wikimedia.org/wiki/File:Curling_Stones.jpg | S20: https://upload.wikimedia.org/wikipedia/commons/thumb/1/17/Curling_Stones.jpg/960px-Curling_Stones.jpg | T20: =_xlfn.IMAGE(S20,"Curling",0)
A21: Rollhockey | B21: 5 | C21: 800 | D21: 40 | E21: 2 | F21: 2 | G21: 1 | H21: 155 | I21: 7.2 | J21: 105 | K21: 1878 | L21: 1924 | M21: 130 | N21: 1936 | O21: 1992 | P21: 16 | Q21: Feld 40x20; Teams an letzter WM prüfen | R21: https://commons.wikimedia.org/wiki/File:Alemania_vs_Italia_-_2014_CERH_European_Championship_-_11.jpg | S21: https://upload.wikimedia.org/wikipedia/commons/thumb/f/f2/Alemania_vs_Italia_-_2014_CERH_European_Championship_-_11.jpg/960px-Alemania_vs_Italia_-_2014_CERH_European_Championship_-_11.jpg | T21: =_xlfn.IMAGE(S21,"Rollhockey",0) -> #VALUE!

Sheet Ränge
A1: Sportart | B1: Aktive pro Team auf dem Feld | C1: Spielfeldfläche | D1: Spielfeldlänge | E1: Spielabschnitte | F1: Schiedsrichter im Spiel | G1: Punkte für den höchsten Einzeltreffer | H1: Gewicht Spielgerät | I1: Durchmesser / Länge Spielgerät | J1: Höhe Tor / Korb / Netz | K1: Entstehungsjahr (moderne Regeln) | L1: Gründungsjahr Weltverband | M1: Mitgliedsverbände Weltverband | N1: Erste Herren-WM | O1: Erste Frauen-WM | P1: Teams an der letzten WM (Herren)
A2: =Mannschaftssportarten!A2 -> Fussball | B2: =IF(Mannschaftssportarten!B2="","",RANK(Mannschaftssportarten!B2,Mannschaftssportarten!$B$2:$B$21,0)) -> 3 | C2: =IF(Mannschaftssportarten!C2="","",RANK(Mannschaftssportarten!C2,Mannschaftssportarten!$C$2:$C$21,0)) -> 3 | D2: =IF(Mannschaftssportarten!D2="","",RANK(Mannschaftssportarten!D2,Mannschaftssportarten!$D$2:$D$21,0)) -> 2 | E2: =IF(Mannschaftssportarten!E2="","",RANK(Mannschaftssportarten!E2,Mannschaftssportarten!$E$2:$E$21,0)) -> 14 | F2: =IF(Mannschaftssportarten!F2="","",RANK(Mannschaftssportarten!F2,Mannschaftssportarten!$F$2:$F$21,0)) -> 17 | G2: =IF(Mannschaftssportarten!G2="","",RANK(Mannschaftssportarten!G2,Mannschaftssportarten!$G$2:$G$21,0)) -> 9 | H2: =IF(Mannschaftssportarten!H2="","",RANK(Mannschaftssportarten!H2,Mannschaftssportarten!$H$2:$H$21,0)) -> 6 | I2: =IF(Mannschaftssportarten!I2="","",RANK(Mannschaftssportarten!I2,Mannschaftssportarten!$I$2:$I$21,0)) -> 6 | J2: =IF(Mannschaftssportarten!J2="","",RANK(Mannschaftssportarten!J2,Mannschaftssportarten!$J$2:$J$21,0)) -> 6 | K2: =IF(Mannschaftssportarten!K2="","",RANK(Mannschaftssportarten!K2,Mannschaftssportarten!$K$2:$K$21,1)) -> 4 | L2: =IF(Mannschaftssportarten!L2="","",RANK(Mannschaftssportarten!L2,Mannschaftssportarten!$L$2:$L$21,1)) -> 2 | M2: =IF(Mannschaftssportarten!M2="","",RANK(Mannschaftssportarten!M2,Mannschaftssportarten!$M$2:$M$21,0)) -> 4 | N2: =IF(Mannschaftssportarten!N2="","",RANK(Mannschaftssportarten!N2,Mannschaftssportarten!$N$2:$N$21,1)) -> 2 | O2: =IF(Mannschaftssportarten!O2="","",RANK(Mannschaftssportarten!O2,Mannschaftssportarten!$O$2:$O$21,1)) -> 12 | P2: =IF(Mannschaftssportarten!P2="","",RANK(Mannschaftssportarten!P2,Mannschaftssportarten!$P$2:$P$21,0)) -> 1
A3: =Mannschaftssportarten!A3 -> Basketball | B3: =IF(Mannschaftssportarten!B3="","",RANK(Mannschaftssportarten!B3,Mannschaftssportarten!$B$2:$B$21,0)) -> 16 | C3: =IF(Mannschaftssportarten!C3="","",RANK(Mannschaftssportarten!C3,Mannschaftssportarten!$C$2:$C$21,0)) -> 17 | D3: =IF(Mannschaftssportarten!D3="","",RANK(Mannschaftssportarten!D3,Mannschaftssportarten!$D$2:$D$21,0)) -> 15 | E3: =IF(Mannschaftssportarten!E3="","",RANK(Mannschaftssportarten!E3,Mannschaftssportarten!$E$2:$E$21,0)) -> 5 | F3: =IF(Mannschaftssportarten!F3="","",RANK(Mannschaftssportarten!F3,Mannschaftssportarten!$F$2:$F$21,0)) -> 3 | G3: =IF(Mannschaftssportarten!G3="","",RANK(Mannschaftssportarten!G3,Mannschaftssportarten!$G$2:$G$21,0)) -> 8 | H3: =IF(Mannschaftssportarten!H3="","",RANK(Mannschaftssportarten!H3,Mannschaftssportarten!$H$2:$H$21,0)) -> 2 | I3: =IF(Mannschaftssportarten!I3="","",RANK(Mannschaftssportarten!I3,Mannschaftssportarten!$I$2:$I$21,0)) -> 5 | J3: =IF(Mannschaftssportarten!J3="","",RANK(Mannschaftssportarten!J3,Mannschaftssportarten!$J$2:$J$21,0)) -> 1 | K3: =IF(Mannschaftssportarten!K3="","",RANK(Mannschaftssportarten!K3,Mannschaftssportarten!$K$2:$K$21,1)) -> 13 | L3: =IF(Mannschaftssportarten!L3="","",RANK(Mannschaftssportarten!L3,Mannschaftssportarten!$L$2:$L$21,1)) -> 9 | M3: =IF(Mannschaftssportarten!M3="","",RANK(Mannschaftssportarten!M3,Mannschaftssportarten!$M$2:$M$21,0)) -> 3 | N3: =IF(Mannschaftssportarten!N3="","",RANK(Mannschaftssportarten!N3,Mannschaftssportarten!$N$2:$N$21,1)) -> 7 | O3: =IF(Mannschaftssportarten!O3="","",RANK(Mannschaftssportarten!O3,Mannschaftssportarten!$O$2:$O$21,1)) -> 2 | P3: =IF(Mannschaftssportarten!P3="","",RANK(Mannschaftssportarten!P3,Mannschaftssportarten!$P$2:$P$21,0)) -> 3
A4: =Mannschaftssportarten!A4 -> Handball | B4: =IF(Mannschaftssportarten!B4="","",RANK(Mannschaftssportarten!B4,Mannschaftssportarten!$B$2:$B$21,0)) -> 10 | C4: =IF(Mannschaftssportarten!C4="","",RANK(Mannschaftssportarten!C4,Mannschaftssportarten!$C$2:$C$21,0)) -> 11 | D4: =IF(Mannschaftssportarten!D4="","",RANK(Mannschaftssportarten!D4,Mannschaftssportarten!$D$2:$D$21,0)) -> 9 | E4: =IF(Mannschaftssportarten!E4="","",RANK(Mannschaftssportarten!E4,Mannschaftssportarten!$E$2:$E$21,0)) -> 14 | F4: =IF(Mannschaftssportarten!F4="","",RANK(Mannschaftssportarten!F4,Mannschaftssportarten!$F$2:$F$21,0)) -> 6 | G4: =IF(Mannschaftssportarten!G4="","",RANK(Mannschaftssportarten!G4,Mannschaftssportarten!$G$2:$G$21,0)) -> 9 | H4: =IF(Mannschaftssportarten!H4="","",RANK(Mannschaftssportarten!H4,Mannschaftssportarten!$H$2:$H$21,0)) -> 3 | I4: =IF(Mannschaftssportarten!I4="","",RANK(Mannschaftssportarten!I4,Mannschaftssportarten!$I$2:$I$21,0)) -> 12 | J4: =IF(Mannschaftssportarten!J4="","",RANK(Mannschaftssportarten!J4,Mannschaftssportarten!$J$2:$J$21,0)) -> 10 | K4: =IF(Mannschaftssportarten!K4="","",RANK(Mannschaftssportarten!K4,Mannschaftssportarten!$K$2:$K$21,1)) -> 17 | L4: =IF(Mannschaftssportarten!L4="","",RANK(Mannschaftssportarten!L4,Mannschaftssportarten!$L$2:$L$21,1)) -> 10 | M4: =IF(Mannschaftssportarten!M4="","",RANK(Mannschaftssportarten!M4,Mannschaftssportarten!$M$2:$M$21,0)) -> 7 | N4: =IF(Mannschaftssportarten!N4="","",RANK(Mannschaftssportarten!N4,Mannschaftssportarten!$N$2:$N$21,1)) -> 4 | O4: =IF(Mannschaftssportarten!O4="","",RANK(Mannschaftssportarten!O4,Mannschaftssportarten!$O$2:$O$21,1)) -> 3 | P4: =IF(Mannschaftssportarten!P4="","",RANK(Mannschaftssportarten!P4,Mannschaftssportarten!$P$2:$P$21,0)) -> 3
A5: =Mannschaftssportarten!A5 -> Volleyball | B5: =IF(Mannschaftssportarten!B5="","",RANK(Mannschaftssportarten!B5,Mannschaftssportarten!$B$2:$B$21,0)) -> 13 | C5: =IF(Mannschaftssportarten!C5="","",RANK(Mannschaftssportarten!C5,Mannschaftssportarten!$C$2:$C$21,0)) -> 19 | D5: =IF(Mannschaftssportarten!D5="","",RANK(Mannschaftssportarten!D5,Mannschaftssportarten!$D$2:$D$21,0)) -> 19 | E5: =IF(Mannschaftssportarten!E5="","",RANK(Mannschaftssportarten!E5,Mannschaftssportarten!$E$2:$E$21,0)) -> 4 | F5: =IF(Mannschaftssportarten!F5="","",RANK(Mannschaftssportarten!F5,Mannschaftssportarten!$F$2:$F$21,0)) -> 6 | G5: =IF(Mannschaftssportarten!G5="","",RANK(Mannschaftssportarten!G5,Mannschaftssportarten!$G$2:$G$21,0)) -> 9 | H5: =IF(Mannschaftssportarten!H5="","",RANK(Mannschaftssportarten!H5,Mannschaftssportarten!$H$2:$H$21,0)) -> 11 | I5: =IF(Mannschaftssportarten!I5="","",RANK(Mannschaftssportarten!I5,Mannschaftssportarten!$I$2:$I$21,0)) -> 9 | J5: =IF(Mannschaftssportarten!J5="","",RANK(Mannschaftssportarten!J5,Mannschaftssportarten!$J$2:$J$21,0)) -> 7 | K5: =IF(Mannschaftssportarten!K5="","",RANK(Mannschaftssportarten!K5,Mannschaftssportarten!$K$2:$K$21,1)) -> 14 | L5: =IF(Mannschaftssportarten!L5="","",RANK(Mannschaftssportarten!L5,Mannschaftssportarten!$L$2:$L$21,1)) -> 11 | M5: =IF(Mannschaftssportarten!M5="","",RANK(Mannschaftssportarten!M5,Mannschaftssportarten!$M$2:$M$21,0)) -> 1 | N5: =IF(Mannschaftssportarten!N5="","",RANK(Mannschaftssportarten!N5,Mannschaftssportarten!$N$2:$N$21,1)) -> 6 | O5: =IF(Mannschaftssportarten!O5="","",RANK(Mannschaftssportarten!O5,Mannschaftssportarten!$O$2:$O$21,1)) -> 1 | P5: =IF(Mannschaftssportarten!P5="","",RANK(Mannschaftssportarten!P5,Mannschaftssportarten!$P$2:$P$21,0)) -> 3
A6: =Mannschaftssportarten!A6 -> Beachvolleyball | B6: =IF(Mannschaftssportarten!B6="","",RANK(Mannschaftssportarten!B6,Mannschaftssportarten!$B$2:$B$21,0)) -> 20 | C6: =IF(Mannschaftssportarten!C6="","",RANK(Mannschaftssportarten!C6,Mannschaftssportarten!$C$2:$C$21,0)) -> 20 | D6: =IF(Mannschaftssportarten!D6="","",RANK(Mannschaftssportarten!D6,Mannschaftssportarten!$D$2:$D$21,0)) -> 20 | E6: =IF(Mannschaftssportarten!E6="","",RANK(Mannschaftssportarten!E6,Mannschaftssportarten!$E$2:$E$21,0)) -> 11 | F6: =IF(Mannschaftssportarten!F6="","",RANK(Mannschaftssportarten!F6,Mannschaftssportarten!$F$2:$F$21,0)) -> 6 | G6: =IF(Mannschaftssportarten!G6="","",RANK(Mannschaftssportarten!G6,Mannschaftssportarten!$G$2:$G$21,0)) -> 9 | H6: =IF(Mannschaftssportarten!H6="","",RANK(Mannschaftssportarten!H6,Mannschaftssportarten!$H$2:$H$21,0)) -> 11 | I6: =IF(Mannschaftssportarten!I6="","",RANK(Mannschaftssportarten!I6,Mannschaftssportarten!$I$2:$I$21,0)) -> 9 | J6: =IF(Mannschaftssportarten!J6="","",RANK(Mannschaftssportarten!J6,Mannschaftssportarten!$J$2:$J$21,0)) -> 7 | K6: =IF(Mannschaftssportarten!K6="","",RANK(Mannschaftssportarten!K6,Mannschaftssportarten!$K$2:$K$21,1)) -> 18 | L6: =IF(Mannschaftssportarten!L6="","",RANK(Mannschaftssportarten!L6,Mannschaftssportarten!$L$2:$L$21,1)) -> 11 | M6: =IF(Mannschaftssportarten!M6="","",RANK(Mannschaftssportarten!M6,Mannschaftssportarten!$M$2:$M$21,0)) -> 1 | N6: =IF(Mannschaftssportarten!N6="","",RANK(Mannschaftssportarten!N6,Mannschaftssportarten!$N$2:$N$21,1)) -> 19 | O6: =IF(Mannschaftssportarten!O6="","",RANK(Mannschaftssportarten!O6,Mannschaftssportarten!$O$2:$O$21,1)) -> 15 | P6: =IF(Mannschaftssportarten!P6="","",RANK(Mannschaftssportarten!P6,Mannschaftssportarten!$P$2:$P$21,0)) -> 1
A7: =Mannschaftssportarten!A7 -> Eishockey | B7: =IF(Mannschaftssportarten!B7="","",RANK(Mannschaftssportarten!B7,Mannschaftssportarten!$B$2:$B$21,0)) -> 13 | C7: =IF(Mannschaftssportarten!C7="","",RANK(Mannschaftssportarten!C7,Mannschaftssportarten!$C$2:$C$21,0)) -> 10 | D7: =IF(Mannschaftssportarten!D7="","",RANK(Mannschaftssportarten!D7,Mannschaftssportarten!$D$2:$D$21,0)) -> 7 | E7: =IF(Mannschaftssportarten!E7="","",RANK(Mannschaftssportarten!E7,Mannschaftssportarten!$E$2:$E$21,0)) -> 11 | F7: =IF(Mannschaftssportarten!F7="","",RANK(Mannschaftssportarten!F7,Mannschaftssportarten!$F$2:$F$21,0)) -> 6 | G7: =IF(Mannschaftssportarten!G7="","",RANK(Mannschaftssportarten!G7,Mannschaftssportarten!$G$2:$G$21,0)) -> 9 | H7: =IF(Mannschaftssportarten!H7="","",RANK(Mannschaftssportarten!H7,Mannschaftssportarten!$H$2:$H$21,0)) -> 14 | I7: =IF(Mannschaftssportarten!I7="","",RANK(Mannschaftssportarten!I7,Mannschaftssportarten!$I$2:$I$21,0)) -> 14 | J7: =IF(Mannschaftssportarten!J7="","",RANK(Mannschaftssportarten!J7,Mannschaftssportarten!$J$2:$J$21,0)) -> 13 | K7: =IF(Mannschaftssportarten!K7="","",RANK(Mannschaftssportarten!K7,Mannschaftssportarten!$K$2:$K$21,1)) -> 8 | L7: =IF(Mannschaftssportarten!L7="","",RANK(Mannschaftssportarten!L7,Mannschaftssportarten!$L$2:$L$21,1)) -> 4 | M7: =IF(Mannschaftssportarten!M7="","",RANK(Mannschaftssportarten!M7,Mannschaftssportarten!$M$2:$M$21,0)) -> 15 | N7: =IF(Mannschaftssportarten!N7="","",RANK(Mannschaftssportarten!N7,Mannschaftssportarten!$N$2:$N$21,1)) -> 1 | O7: =IF(Mannschaftssportarten!O7="","",RANK(Mannschaftssportarten!O7,Mannschaftssportarten!$O$2:$O$21,1)) -> 11 | P7: =IF(Mannschaftssportarten!P7="","",RANK(Mannschaftssportarten!P7,Mannschaftssportarten!$P$2:$P$21,0)) -> 10
A8: =Mannschaftssportarten!A8 -> Feldhockey | B8: =IF(Mannschaftssportarten!B8="","",RANK(Mannschaftssportarten!B8,Mannschaftssportarten!$B$2:$B$21,0)) -> 3 | C8: =IF(Mannschaftssportarten!C8="","",RANK(Mannschaftssportarten!C8,Mannschaftssportarten!$C$2:$C$21,0)) -> 8 | D8: =IF(Mannschaftssportarten!D8="","",RANK(Mannschaftssportarten!D8,Mannschaftssportarten!$D$2:$D$21,0)) -> 6 | E8: =IF(Mannschaftssportarten!E8="","",RANK(Mannschaftssportarten!E8,Mannschaftssportarten!$E$2:$E$21,0)) -> 5 | F8: =IF(Mannschaftssportarten!F8="","",RANK(Mannschaftssportarten!F8,Mannschaftssportarten!$F$2:$F$21,0)) -> 6 | G8: =IF(Mannschaftssportarten!G8="","",RANK(Mannschaftssportarten!G8,Mannschaftssportarten!$G$2:$G$21,0)) -> 9 | H8: =IF(Mannschaftssportarten!H8="","",RANK(Mannschaftssportarten!H8,Mannschaftssportarten!$H$2:$H$21,0)) -> 15 | I8: =IF(Mannschaftssportarten!I8="","",RANK(Mannschaftssportarten!I8,Mannschaftssportarten!$I$2:$I$21,0)) -> 16 | J8: =IF(Mannschaftssportarten!J8="","",RANK(Mannschaftssportarten!J8,Mannschaftssportarten!$J$2:$J$21,0)) -> 9 | K8: =IF(Mannschaftssportarten!K8="","",RANK(Mannschaftssportarten!K8,Mannschaftssportarten!$K$2:$K$21,1)) -> 11 | L8: =IF(Mannschaftssportarten!L8="","",RANK(Mannschaftssportarten!L8,Mannschaftssportarten!$L$2:$L$21,1)) -> 7 | M8: =IF(Mannschaftssportarten!M8="","",RANK(Mannschaftssportarten!M8,Mannschaftssportarten!$M$2:$M$21,0)) -> 10 | N8: =IF(Mannschaftssportarten!N8="","",RANK(Mannschaftssportarten!N8,Mannschaftssportarten!$N$2:$N$21,1)) -> 13 | O8: =IF(Mannschaftssportarten!O8="","",RANK(Mannschaftssportarten!O8,Mannschaftssportarten!$O$2:$O$21,1)) -> 7 | P8: =IF(Mannschaftssportarten!P8="","",RANK(Mannschaftssportarten!P8,Mannschaftssportarten!$P$2:$P$21,0)) -> 10
A9: =Mannschaftssportarten!A9 -> Rugby Union | B9: =IF(Mannschaftssportarten!B9="","",RANK(Mannschaftssportarten!B9,Mannschaftssportarten!$B$2:$B$21,0)) -> 1 | C9: =IF(Mannschaftssportarten!C9="","",RANK(Mannschaftssportarten!C9,Mannschaftssportarten!$C$2:$C$21,0)) -> 4 | D9: =IF(Mannschaftssportarten!D9="","",RANK(Mannschaftssportarten!D9,Mannschaftssportarten!$D$2:$D$21,0)) -> 4 | E9: =IF(Mannschaftssportarten!E9="","",RANK(Mannschaftssportarten!E9,Mannschaftssportarten!$E$2:$E$21,0)) -> 14 | F9: =IF(Mannschaftssportarten!F9="","",RANK(Mannschaftssportarten!F9,Mannschaftssportarten!$F$2:$F$21,0)) -> 17 | G9: =IF(Mannschaftssportarten!G9="","",RANK(Mannschaftssportarten!G9,Mannschaftssportarten!$G$2:$G$21,0)) -> 4 | H9: =IF(Mannschaftssportarten!H9="","",RANK(Mannschaftssportarten!H9,Mannschaftssportarten!$H$2:$H$21,0)) -> 4 | I9: =IF(Mannschaftssportarten!I9="","",RANK(Mannschaftssportarten!I9,Mannschaftssportarten!$I$2:$I$21,0)) -> 1 | J9: =IF(Mannschaftssportarten!J9="","",RANK(Mannschaftssportarten!J9,Mannschaftssportarten!$J$2:$J$21,0)) -> 4 | K9: =IF(Mannschaftssportarten!K9="","",RANK(Mannschaftssportarten!K9,Mannschaftssportarten!$K$2:$K$21,1)) -> 7 | L9: =IF(Mannschaftssportarten!L9="","",RANK(Mannschaftssportarten!L9,Mannschaftssportarten!$L$2:$L$21,1)) -> 1 | M9: =IF(Mannschaftssportarten!M9="","",RANK(Mannschaftssportarten!M9,Mannschaftssportarten!$M$2:$M$21,0)) -> 11 | N9: =IF(Mannschaftssportarten!N9="","",RANK(Mannschaftssportarten!N9,Mannschaftssportarten!$N$2:$N$21,1)) -> 16 | O9: =IF(Mannschaftssportarten!O9="","",RANK(Mannschaftssportarten!O9,Mannschaftssportarten!$O$2:$O$21,1)) -> 12 | P9: =IF(Mannschaftssportarten!P9="","",RANK(Mannschaftssportarten!P9,Mannschaftssportarten!$P$2:$P$21,0)) -> 8
A10: =Mannschaftssportarten!A10 -> Rugby League | B10: =IF(Mannschaftssportarten!B10="","",RANK(Mannschaftssportarten!B10,Mannschaftssportarten!$B$2:$B$21,0)) -> 2 | C10: =IF(Mannschaftssportarten!C10="","",RANK(Mannschaftssportarten!C10,Mannschaftssportarten!$C$2:$C$21,0)) -> 5 | D10: =IF(Mannschaftssportarten!D10="","",RANK(Mannschaftssportarten!D10,Mannschaftssportarten!$D$2:$D$21,0)) -> 4 | E10: =IF(Mannschaftssportarten!E10="","",RANK(Mannschaftssportarten!E10,Mannschaftssportarten!$E$2:$E$21,0)) -> 14 | F10: =IF(Mannschaftssportarten!F10="","",RANK(Mannschaftssportarten!F10,Mannschaftssportarten!$F$2:$F$21,0)) -> 17 | G10: =IF(Mannschaftssportarten!G10="","",RANK(Mannschaftssportarten!G10,Mannschaftssportarten!$G$2:$G$21,0)) -> 5 | H10: =IF(Mannschaftssportarten!H10="","",RANK(Mannschaftssportarten!H10,Mannschaftssportarten!$H$2:$H$21,0)) -> 4 | I10: =IF(Mannschaftssportarten!I10="","",RANK(Mannschaftssportarten!I10,Mannschaftssportarten!$I$2:$I$21,0)) -> 4 | J10: =IF(Mannschaftssportarten!J10="","",RANK(Mannschaftssportarten!J10,Mannschaftssportarten!$J$2:$J$21,0)) -> 4 | K10: =IF(Mannschaftssportarten!K10="","",RANK(Mannschaftssportarten!K10,Mannschaftssportarten!$K$2:$K$21,1)) -> 14 | L10: =IF(Mannschaftssportarten!L10="","",RANK(Mannschaftssportarten!L10,Mannschaftssportarten!$L$2:$L$21,1)) -> 13 | M10: =IF(Mannschaftssportarten!M10="","",RANK(Mannschaftssportarten!M10,Mannschaftssportarten!$M$2:$M$21,0)) -> 20 | N10: =IF(Mannschaftssportarten!N10="","",RANK(Mannschaftssportarten!N10,Mannschaftssportarten!$N$2:$N$21,1)) -> 8 | O10: =IF(Mannschaftssportarten!O10="","",RANK(Mannschaftssportarten!O10,Mannschaftssportarten!$O$2:$O$21,1)) -> 17 | P10: =IF(Mannschaftssportarten!P10="","",RANK(Mannschaftssportarten!P10,Mannschaftssportarten!$P$2:$P$21,0)) -> 10
A11: =Mannschaftssportarten!A11 -> American Football | B11: =IF(Mannschaftssportarten!B11="","",RANK(Mannschaftssportarten!B11,Mannschaftssportarten!$B$2:$B$21,0)) -> 3 | C11: =IF(Mannschaftssportarten!C11="","",RANK(Mannschaftssportarten!C11,Mannschaftssportarten!$C$2:$C$21,0)) -> 7 | D11: =IF(Mannschaftssportarten!D11="","",RANK(Mannschaftssportarten!D11,Mannschaftssportarten!$D$2:$D$21,0)) -> 1 | E11: =IF(Mannschaftssportarten!E11="","",RANK(Mannschaftssportarten!E11,Mannschaftssportarten!$E$2:$E$21,0)) -> 5 | F11: =IF(Mannschaftssportarten!F11="","",RANK(Mannschaftssportarten!F11,Mannschaftssportarten!$F$2:$F$21,0)) -> 1 | G11: =IF(Mannschaftssportarten!G11="","",RANK(Mannschaftssportarten!G11,Mannschaftssportarten!$G$2:$G$21,0)) -> 2 | H11: =IF(Mannschaftssportarten!H11="","",RANK(Mannschaftssportarten!H11,Mannschaftssportarten!$H$2:$H$21,0)) -> 10 | I11: =IF(Mannschaftssportarten!I11="","",RANK(Mannschaftssportarten!I11,Mannschaftssportarten!$I$2:$I$21,0)) -> 3 | J11: =IF(Mannschaftssportarten!J11="","",RANK(Mannschaftssportarten!J11,Mannschaftssportarten!$J$2:$J$21,0)) -> 1 | K11: =IF(Mannschaftssportarten!K11="","",RANK(Mannschaftssportarten!K11,Mannschaftssportarten!$K$2:$K$21,1)) -> 10 | L11: =IF(Mannschaftssportarten!L11="","",RANK(Mannschaftssportarten!L11,Mannschaftssportarten!$L$2:$L$21,1)) -> 17 | M11: =IF(Mannschaftssportarten!M11="","",RANK(Mannschaftssportarten!M11,Mannschaftssportarten!$M$2:$M$21,0)) -> 17 | N11: =IF(Mannschaftssportarten!N11="","",RANK(Mannschaftssportarten!N11,Mannschaftssportarten!$N$2:$N$21,1)) -> 20 | O11: =IF(Mannschaftssportarten!O11="","",RANK(Mannschaftssportarten!O11,Mannschaftssportarten!$O$2:$O$21,1)) -> 19 | P11: =IF(Mannschaftssportarten!P11="","",RANK(Mannschaftssportarten!P11,Mannschaftssportarten!$P$2:$P$21,0)) -> 20
A12: =Mannschaftssportarten!A12 -> Cricket | B12: =IF(Mannschaftssportarten!B12="","",RANK(Mannschaftssportarten!B12,Mannschaftssportarten!$B$2:$B$21,0)) -> 3 | C12: =IF(Mannschaftssportarten!C12="","",RANK(Mannschaftssportarten!C12,Mannschaftssportarten!$C$2:$C$21,0)) -> 1 | D12: =IF(Mannschaftssportarten!D12="","",RANK(Mannschaftssportarten!D12,Mannschaftssportarten!$D$2:$D$21,0)) -> 17 | E12: =IF(Mannschaftssportarten!E12="","",RANK(Mannschaftssportarten!E12,Mannschaftssportarten!$E$2:$E$21,0)) -> 14 | F12: =IF(Mannschaftssportarten!F12="","",RANK(Mannschaftssportarten!F12,Mannschaftssportarten!$F$2:$F$21,0)) -> 6 | G12: =IF(Mannschaftssportarten!G12="","",RANK(Mannschaftssportarten!G12,Mannschaftssportarten!$G$2:$G$21,0)) -> 2 | H12: =IF(Mannschaftssportarten!H12="","",RANK(Mannschaftssportarten!H12,Mannschaftssportarten!$H$2:$H$21,0)) -> 15 | I12: =IF(Mannschaftssportarten!I12="","",RANK(Mannschaftssportarten!I12,Mannschaftssportarten!$I$2:$I$21,0)) -> 17 | J12: =IF(Mannschaftssportarten!J12="","",RANK(Mannschaftssportarten!J12,Mannschaftssportarten!$J$2:$J$21,0)) -> 17 | K12: =IF(Mannschaftssportarten!K12="","",RANK(Mannschaftssportarten!K12,Mannschaftssportarten!$K$2:$K$21,1)) -> 2 | L12: =IF(Mannschaftssportarten!L12="","",RANK(Mannschaftssportarten!L12,Mannschaftssportarten!$L$2:$L$21,1)) -> 6 | M12: =IF(Mannschaftssportarten!M12="","",RANK(Mannschaftssportarten!M12,Mannschaftssportarten!$M$2:$M$21,0)) -> 13 | N12: =IF(Mannschaftssportarten!N12="","",RANK(Mannschaftssportarten!N12,Mannschaftssportarten!$N$2:$N$21,1)) -> 15 | O12: =IF(Mannschaftssportarten!O12="","",RANK(Mannschaftssportarten!O12,Mannschaftssportarten!$O$2:$O$21,1)) -> 6 | P12: =IF(Mannschaftssportarten!P12="","",RANK(Mannschaftssportarten!P12,Mannschaftssportarten!$P$2:$P$21,0)) -> 19
A13: =Mannschaftssportarten!A13 -> Baseball | B13: =IF(Mannschaftssportarten!B13="","",RANK(Mannschaftssportarten!B13,Mannschaftssportarten!$B$2:$B$21,0)) -> 8 | C13: =IF(Mannschaftssportarten!C13="","",RANK(Mannschaftssportarten!C13,Mannschaftssportarten!$C$2:$C$21,0)) -> 2 | D13: =IF(Mannschaftssportarten!D13="","",RANK(Mannschaftssportarten!D13,Mannschaftssportarten!$D$2:$D$21,0)) -> 16 | E13: =IF(Mannschaftssportarten!E13="","",RANK(Mannschaftssportarten!E13,Mannschaftssportarten!$E$2:$E$21,0)) -> 2 | F13: =IF(Mannschaftssportarten!F13="","",RANK(Mannschaftssportarten!F13,Mannschaftssportarten!$F$2:$F$21,0)) -> 2 | G13: =IF(Mannschaftssportarten!G13="","",RANK(Mannschaftssportarten!G13,Mannschaftssportarten!$G$2:$G$21,0)) -> 5 | H13: =IF(Mannschaftssportarten!H13="","",RANK(Mannschaftssportarten!H13,Mannschaftssportarten!$H$2:$H$21,0)) -> 18 | I13: =IF(Mannschaftssportarten!I13="","",RANK(Mannschaftssportarten!I13,Mannschaftssportarten!$I$2:$I$21,0)) -> 15 | J13: =IF(Mannschaftssportarten!J13="","",RANK(Mannschaftssportarten!J13,Mannschaftssportarten!$J$2:$J$21,0)) | K13: =IF(Mannschaftssportarten!K13="","",RANK(Mannschaftssportarten!K13,Mannschaftssportarten!$K$2:$K$21,1)) -> 3 | L13: =IF(Mannschaftssportarten!L13="","",RANK(Mannschaftssportarten!L13,Mannschaftssportarten!$L$2:$L$21,1)) -> 19 | M13: =IF(Mannschaftssportarten!M13="","",RANK(Mannschaftssportarten!M13,Mannschaftssportarten!$M$2:$M$21,0)) -> 8 | N13: =IF(Mannschaftssportarten!N13="","",RANK(Mannschaftssportarten!N13,Mannschaftssportarten!$N$2:$N$21,1)) -> 4 | O13: =IF(Mannschaftssportarten!O13="","",RANK(Mannschaftssportarten!O13,Mannschaftssportarten!$O$2:$O$21,1)) -> 18 | P13: =IF(Mannschaftssportarten!P13="","",RANK(Mannschaftssportarten!P13,Mannschaftssportarten!$P$2:$P$21,0)) -> 8
... A21: =Mannschaftssportarten!A21 -> Rollhockey | B21: =IF(Mannschaftssportarten!B21="","",RANK(Mannschaftssportarten!B21,Mannschaftssportarten!$B$2:$B$21,0)) -> 16 | C21: =IF(Mannschaftssportarten!C21="","",RANK(Mannschaftssportarten!C21,Mannschaftssportarten!$C$2:$C$21,0)) -> 11 | D21: =IF(Mannschaftssportarten!D21="","",RANK(Mannschaftssportarten!D21,Mannschaftssportarten!$D$2:$D$21,0)) -> 9 | E21: =IF(Mannschaftssportarten!E21="","",RANK(Mannschaftssportarten!E21,Mannschaftssportarten!$E$2:$E$21,0)) -> 14 | F21: =IF(Mannschaftssportarten!F21="","",RANK(Mannschaftssportarten!F21,Mannschaftssportarten!$F$2:$F$21,0)) -> 6 | G21: =IF(Mannschaftssportarten!G21="","",RANK(Mannschaftssportarten!G21,Mannschaftssportarten!$G$2:$G$21,0)) -> 9 | H21: =IF(Mannschaftssportarten!H21="","",RANK(Mannschaftssportarten!H21,Mannschaftssportarten!$H$2:$H$21,0)) -> 17 | I21: =IF(Mannschaftssportarten!I21="","",RANK(Mannschaftssportarten!I21,Mannschaftssportarten!$I$2:$I$21,0)) -> 17 | J21: =IF(Mannschaftssportarten!J21="","",RANK(Mannschaftssportarten!J21,Mannschaftssportarten!$J$2:$J$21,0)) -> 15 | K21: =IF(Mannschaftssportarten!K21="","",RANK(Mannschaftssportarten!K21,Mannschaftssportarten!$K$2:$K$21,1)) -> 9 | L21: =IF(Mannschaftssportarten!L21="","",RANK(Mannschaftssportarten!L21,Mannschaftssportarten!$L$2:$L$21,1)) -> 7 | M21: =IF(Mannschaftssportarten!M21="","",RANK(Mannschaftssportarten!M21,Mannschaftssportarten!$M$2:$M$21,0)) -> 11 | N21: =IF(Mannschaftssportarten!N21="","",RANK(Mannschaftssportarten!N21,Mannschaftssportarten!$N$2:$N$21,1)) -> 3 | O21: =IF(Mannschaftssportarten!O21="","",RANK(Mannschaftssportarten!O21,Mannschaftssportarten!$O$2:$O$21,1)) -> 14 | P21: =IF(Mannschaftssportarten!P21="","",RANK(Mannschaftssportarten!P21,Mannschaftssportarten!$P$2:$P$21,0)) -> 10
A23: Rang 1 = bester Wert in Spielrichtung (siehe Blatt Kategorien). Formeln beziehen sich live auf das Datenblatt.

Sheet Kategorien
A1: # | B1: Kategorie | C1: Einheit | D1: Rang 1 = | E1: Datenqualität | F1: Definition / Hinweis
A2: 1 | B2: Aktive pro Team auf dem Feld | C2: Spieler | D2: meiste | E2: hart | F2: Regelwerk; inkl. Torhüter
A3: 2 | B3: Spielfeldfläche | C3: m² | D3: grösste | E3: hart (Cricket/Baseball/Softball ca.) | F3: Standardmasse gemäss Weltverband; bei Oval-/Diamantfeldern Näherung
A4: 3 | B4: Spielfeldlänge | C4: m | D4: längste | E4: hart | F4: bei Cricket Pitch, bei Baseball/Softball Base-Distanz, bei Curling Sheet – siehe Anmerkung
A5: 4 | B5: Spielabschnitte | C5: Anzahl | D5: meiste | E5: hart | F5: Halbzeiten, Viertel, Drittel, max. Sätze, Innings oder Ends
A6: 5 | B6: Schiedsrichter im Spiel | C6: Personen | D6: meiste | E6: hart | F6: Offizielle mit voller Entscheidungsgewalt auf dem Feld, ohne Linien-/Torrichter
A7: 6 | B7: Punkte für den höchsten Einzeltreffer | C7: Punkte | D7: meiste | E7: hart | F7: Wert der höchstbewerteten einzelnen Aktion (Versuch, Touchdown, Sechser, Grand Slam, Dreier, volles End)
A8: 7 | B8: Gewicht Spielgerät | C8: g | D8: schwerste | E8: hart | F8: Mittelwert des Regelbereichs; Curling = Stein, Eishockey = Puck
A9: 8 | B9: Durchmesser / Länge Spielgerät | C9: cm | D9: grösste | E9: hart | F9: Kugeln: Durchmesser; Eier-Bälle: Längsachse
A10: 9 | B10: Höhe Tor / Korb / Netz | C10: cm | D10: höchste | E10: hart | F10: Querlatte, Ring, Netzoberkante, Stumps; Baseball, Softball, Curling ohne Wert
A11: 10 | B11: Entstehungsjahr (moderne Regeln) | C11: Jahr | D11: ältestes | E11: mittel | F11: Kodifizierung oder erste belegte moderne Form
A12: 11 | B12: Gründungsjahr Weltverband | C12: Jahr | D12: ältestes | E12: hart | F12: bei Fusionen das Fusionsjahr (WBSC 2013)
A13: 12 | B13: Mitgliedsverbände Weltverband | C13: Anzahl | D13: meiste | E13: mittel | F13: gerundet, Stand ca. 2025; Zählweise je Verband verschieden
... A16: 15 | B16: Teams an der letzten WM (Herren) | C16: Anzahl | D16: meiste | E16: mittel | F16: zuletzt ausgetragene WM; bei 'prüfen' in der Anmerkung unsicher
A18: Hinweise
A19: Stand 22.09.2026. Werte aus allgemeinem Wissen, nicht einzeln gegen Primärquellen verifiziert; 'prüfen' in der Anmerkung markiert unsichere Zellen.
A20: Alle 15 Kategorien sind numerisch und sortierbar. Leere Zellen (Höhe bei Baseball, Softball, Curling) werden im Blatt Ränge übersprungen.
A21: Bei Regelbereichen (Ballgewicht 410–450 g) steht der Mittelwert; für das Spiel reicht die Reihenfolge, nicht der exakte Wert.
