Workbook

Sheet World Records
A1: ID | B1: Type | C1: Category | D1: Record | E1: Holder | F1: Nationality | G1: Gender | H1: Value | I1: Unit | J1: Display | K1: Year set | L1: Years standing | M1: Record body | N1: Check | O1: Note
A2: 1 | B2: Pro sport | C2: Athletics | D2: 100 m (men) | E2: Usain Bolt | F2: JAM | G2: M | H2: 9.58 | I2: s | J2: 9.58 | K2: 2009 | L2: ='Notes & Sources'!$B$3-K2 -> 17 | M2: World Athletics | N2: Long-standing record
A3: 2 | B3: Pro sport | C3: Athletics | D3: 200 m (men) | E3: Usain Bolt | F3: JAM | G3: M | H3: 19.19 | I3: s | J3: 19.19 | K3: 2009 | L3: ='Notes & Sources'!$B$3-K3 -> 17 | M3: World Athletics | N3: Long-standing record
A4: 3 | B4: Pro sport | C4: Athletics | D4: 400 m (men) | E4: Wayde van Niekerk | F4: RSA | G4: M | H4: 43.03 | I4: s | J4: 43.03 | K4: 2016 | L4: ='Notes & Sources'!$B$3-K4 -> 10 | M4: World Athletics | N4: Long-standing record
A5: 4 | B5: Pro sport | C5: Athletics | D5: 800 m (men) | E5: David Rudisha | F5: KEN | G5: M | H5: 100.91 | I5: s | J5: 1:40.91 | K5: 2012 | L5: ='Notes & Sources'!$B$3-K5 -> 14 | M5: World Athletics | N5: Long-standing record
A6: 5 | B6: Pro sport | C6: Athletics | D6: Mile (men) | E6: Hicham El Guerrouj | F6: MAR | G6: M | H6: 223.13 | I6: s | J6: 3:43.13 | K6: 1999 | L6: ='Notes & Sources'!$B$3-K6 -> 27 | M6: World Athletics | N6: Long-standing record
A7: 6 | B7: Pro sport | C7: Athletics | D7: 10,000 m (men) | E7: Joshua Cheptegei | F7: UGA | G7: M | H7: 1571 | I7: s | J7: 26:11.00 | K7: 2020 | L7: ='Notes & Sources'!$B$3-K7 -> 6 | M7: World Athletics | N7: Long-standing record
A8: 7 | B8: Pro sport | C8: Athletics | D8: Marathon (men) | E8: Sabastian Sawe | F8: KEN | G8: M | H8: 7170 | I8: s | J8: 1:59:30 | K8: 2026 | L8: ='Notes & Sources'!$B$3-K8 -> 0 | M8: World Athletics | N8: Checked online Sept 2026 | O8: First official sub-2h marathon, London
A9: 8 | B9: Pro sport | C9: Athletics | D9: Marathon (women-only race) | E9: Tigst Assefa | F9: ETH | G9: W | H9: 8141 | I9: s | J9: 2:15:41 | K9: 2026 | L9: ='Notes & Sources'!$B$3-K9 -> 0 | M9: World Athletics | N9: Checked online Sept 2026 | O9: London 2026
A10: 9 | B10: Pro sport | C10: Athletics | D10: 110 m hurdles (men) | E10: Aries Merritt | F10: USA | G10: M | H10: 12.8 | I10: s | J10: 12.80 | K10: 2012 | L10: ='Notes & Sources'!$B$3-K10 -> 14 | M10: World Athletics | N10: Long-standing record
A11: 10 | B11: Pro sport | C11: Athletics | D11: 400 m hurdles (men) | E11: Karsten Warholm | F11: NOR | G11: M | H11: 45.94 | I11: s | J11: 45.94 | K11: 2021 | L11: ='Notes & Sources'!$B$3-K11 -> 5 | M11: World Athletics | N11: Long-standing record
A12: 11 | B12: Pro sport | C12: Athletics | D12: High jump (men) | E12: Javier Sotomayor | F12: CUB | G12: M | H12: 2.45 | I12: m | J12: 2.45 m | K12: 1993 | L12: ='Notes & Sources'!$B$3-K12 -> 33 | M12: World Athletics | N12: Long-standing record
A13: 12 | B13: Pro sport | C13: Athletics | D13: Pole vault (men) | E13: Armand Duplantis | F13: SWE | G13: M | H13: 6.31 | I13: m | J13: 6.31 m | K13: 2026 | L13: ='Notes & Sources'!$B$3-K13 -> 0 | M13: World Athletics | N13: Checked online Sept 2026 | O13: His 15th world record
A14: 13 | B14: Pro sport | C14: Athletics | D14: Long jump (men) | E14: Mike Powell | F14: USA | G14: M | H14: 8.95 | I14: m | J14: 8.95 m | K14: 1991 | L14: ='Notes & Sources'!$B$3-K14 -> 35 | M14: World Athletics | N14: Long-standing record
A15: 14 | B15: Pro sport | C15: Athletics | D15: Javelin (men) | E15: Jan Železný | F15: CZE | G15: M | H15: 98.48 | I15: m | J15: 98.48 m | K15: 1996 | L15: ='Notes & Sources'!$B$3-K15 -> 30 | M15: World Athletics | N15: Long-standing record
A16: 15 | B16: Pro sport | C16: Athletics | D16: Decathlon | E16: Kevin Mayer | F16: FRA | G16: M | H16: 9126 | I16: points | J16: 9126 pts | K16: 2018 | L16: ='Notes & Sources'!$B$3-K16 -> 8 | M16: World Athletics | N16: Long-standing record
A17: 16 | B17: Pro sport | C17: Athletics | D17: Indoor heptathlon | E17: Simon Ehammer | F17: SUI | G17: M | H17: 6670 | I17: points | J17: 6670 pts | K17: 2026 | L17: ='Notes & Sources'!$B$3-K17 -> 0 | M17: World Athletics | N17: Checked online Sept 2026 | O17: Beat Ashton Eaton's 2012 record
A18: 17 | B18: Pro sport | C18: Athletics | D18: 100 m (women) | E18: Florence Griffith-Joyner | F18: USA | G18: W | H18: 10.49 | I18: s | J18: 10.49 | K18: 1988 | L18: ='Notes & Sources'!$B$3-K18 -> 38 | M18: World Athletics | N18: Long-standing record
A19: 18 | B19: Pro sport | C19: Athletics | D19: 200 m (women) | E19: Florence Griffith-Joyner | F19: USA | G19: W | H19: 21.34 | I19: s | J19: 21.34 | K19: 1988 | L19: ='Notes & Sources'!$B$3-K19 -> 38 | M19: World Athletics | N19: Long-standing record
A20: 19 | B20: Pro sport | C20: Athletics | D20: 400 m (women) | E20: Marita Koch | F20: GDR | G20: W | H20: 47.6 | I20: s | J20: 47.60 | K20: 1985 | L20: ='Notes & Sources'!$B$3-K20 -> 41 | M20: World Athletics | N20: Long-standing record
A21: 20 | B21: Pro sport | C21: Athletics | D21: 800 m (women) | E21: Jarmila Kratochvílová | F21: TCH | G21: W | H21: 113.28 | I21: s | J21: 1:53.28 | K21: 1983 | L21: ='Notes & Sources'!$B$3-K21 -> 43 | M21: World Athletics | N21: Long-standing record | O21: Oldest individual athletics WR
A22: 21 | B22: Pro sport | C22: Athletics | D22: Pole vault (women) | E22: Yelena Isinbayeva | F22: RUS | G22: W | H22: 5.06 | I22: m | J22: 5.06 m | K22: 2009 | L22: ='Notes & Sources'!$B$3-K22 -> 17 | M22: World Athletics | N22: Long-standing record
A23: 22 | B23: Pro sport | C23: Athletics | D23: Javelin (women) | E23: Barbora Špotáková | F23: CZE | G23: W | H23: 72.28 | I23: m | J23: 72.28 m | K23: 2008 | L23: ='Notes & Sources'!$B$3-K23 -> 18 | M23: World Athletics | N23: Long-standing record
A24: 23 | B24: Pro sport | C24: Swimming | D24: 200 m freestyle (men) | E24: Paul Biedermann | F24: GER | G24: M | H24: 102 | I24: s | J24: 1:42.00 | K24: 2009 | L24: ='Notes & Sources'!$B$3-K24 -> 17 | M24: World Aquatics | N24: Checked online Sept 2026 | O24: Super-suit era
A25: 24 | B25: Pro sport | C25: Swimming | D25: 800 m freestyle (men) | E25: Zhang Lin | F25: CHN | G25: M | H25: 452.12 | I25: s | J25: 7:32.12 | K25: 2009 | L25: ='Notes & Sources'!$B$3-K25 -> 17 | M25: World Aquatics | N25: Checked online Sept 2026 | O25: Super-suit era
A26: 25 | B26: Pro sport | C26: Olympics | D26: Most Olympic medals | E26: Michael Phelps | F26: USA | G26: M | H26: 28 | I26: medals | J26: 28 | K26: 2016 | L26: ='Notes & Sources'!$B$3-K26 -> 10 | M26: IOC | N26: Long-standing record
A27: 26 | B27: Pro sport | C27: Olympics | D27: Most Olympic gold medals | E27: Michael Phelps | F27: USA | G27: M | H27: 23 | I27: golds | J27: 23 | K27: 2016 | L27: ='Notes & Sources'!$B$3-K27 -> 10 | M27: IOC | N27: Long-standing record
A28: 27 | B28: Pro sport | C28: Olympics | D28: Most golds at one Summer Games | E28: Michael Phelps | F28: USA | G28: M | H28: 8 | I28: golds | J28: 8 | K28: 2008 | L28: ='Notes & Sources'!$B$3-K28 -> 18 | M28: IOC | N28: Long-standing record | O28: Beijing 2008
A29: 28 | B29: Pro sport | C29: Olympics | D29: Most Olympic medals (woman) | E29: Larisa Latynina | F29: URS | G29: W | H29: 18 | I29: medals | J29: 18 | K29: 1964 | L29: ='Notes & Sources'!$B$3-K29 -> 62 | M29: IOC | N29: Long-standing record
A30: 29 | B30: Pro sport | C30: Olympics | D30: Most Winter Olympic gold medals | E30: Johannes Høsflot Klæbo | F30: NOR | G30: M | H30: 11 | I30: golds | J30: 11 | K30: 2026 | L30: ='Notes & Sources'!$B$3-K30 -> 0 | M30: IOC | N30: Checked online Sept 2026
A31: 30 | B31: Pro sport | C31: Olympics | D31: Most golds at one Winter Games | E31: Johannes Høsflot Klæbo | F31: NOR | G31: M | H31: 6 | I31: golds | J31: 6 | K31: 2026 | L31: ='Notes & Sources'!$B$3-K31 -> 0 | M31: IOC | N31: Checked online Sept 2026 | O31: Won all 6 cross-country events
A32: 31 | B32: Pro sport | C32: Olympics | D32: Most Paralympic medals | E32: Trischa Zorn | F32: USA | G32: W | H32: 55 | I32: medals | J32: 55 | K32: 2004 | L32: ='Notes & Sources'!$B$3-K32 -> 22 | M32: IPC | N32: Long-standing record | O32: 41 of them gold
A33: 32 | B33: Pro sport | C33: Football | D33: Most World Cup goals (career) | E33: Kylian Mbappé | F33: FRA | G33: M | H33: 22 | I33: goals | J33: 22 | K33: 2026 | L33: ='Notes & Sources'!$B$3-K33 -> 0 | M33: FIFA | N33: Checked online Sept 2026 | O33: Passed Messi (21) and Klose (16) in 2026
A34: 33 | B34: Pro sport | C34: Football | D34: Most World Cup matches played | E34: Lionel Messi | F34: ARG | G34: M | H34: 34 | I34: matches | J34: 34 | K34: 2026 | L34: ='Notes & Sources'!$B$3-K34 -> 0 | M34: FIFA | N34: Checked online Sept 2026
A35: 34 | B35: Pro sport | C35: Football | D35: Most goals at a single World Cup | E35: Just Fontaine | F35: FRA | G35: M | H35: 13 | I35: goals | J35: 13 | K35: 1958 | L35: ='Notes & Sources'!$B$3-K35 -> 68 | M35: FIFA | N35: Checked online Sept 2026 | O35: Mbappé got 10 in 2026
A36: 35 | B36: Pro sport | C36: Football | D36: Most World Cup titles | E36: Brazil | F36: BRA | G36: Team | H36: 5 | I36: titles | J36: 5 | K36: 2002 | L36: ='Notes & Sources'!$B$3-K36 -> 24 | M36: FIFA | N36: Checked online Sept 2026 | O36: Spain won 2026 (their 2nd)
A37: 36 | B37: Pro sport | C37: Football | D37: Most Women's World Cup goals | E37: Marta | F37: BRA | G37: W | H37: 17 | I37: goals | J37: 17 | K37: 2019 | L37: ='Notes & Sources'!$B$3-K37 -> 7 | M37: FIFA | N37: Long-standing record
A38: 37 | B38: Pro sport | C38: Football | D38: Most goals in one international match | E38: Archie Thompson | F38: AUS | G38: M | H38: 13 | I38: goals | J38: 13 | K38: 2001 | L38: ='Notes & Sources'!$B$3-K38 -> 25 | M38: FIFA | N38: Long-standing record | O38: vs American Samoa
A39: 38 | B39: Pro sport | C39: Football | D39: Biggest international win (margin) | E39: Australia | F39: AUS | G39: Team | H39: 31 | I39: goals | J39: 31–0 | K39: 2001 | L39: ='Notes & Sources'!$B$3-K39 -> 25 | M39: FIFA | N39: Long-standing record | O39: vs American Samoa
A40: 39 | B40: Pro sport | C40: Football | D40: Highest football attendance | E40: Uruguay v Brazil, Maracanã | F40: BRA | G40: Team | H40: 173850 | I40: spectators | J40: 173,850 | K40: 1950 | L40: ='Notes & Sources'!$B$3-K40 -> 76 | M40: FIFA | N40: Long-standing record | O40: Official figure
A41: 40 | B41: Pro sport | C41: Football | D41: Most goals in a calendar year | E41: Lionel Messi | F41: ARG | G41: M | H41: 91 | I41: goals | J41: 91 | K41: 2012 | L41: ='Notes & Sources'!$B$3-K41 -> 14 | M41: Guinness | N41: Long-standing record
A42: 41 | B42: Pro sport | C42: Football | D42: Most Ballon d'Or awards | E42: Lionel Messi | F42: ARG | G42: M | H42: 8 | I42: awards | J42: 8 | K42: 2023 | L42: ='Notes & Sources'!$B$3-K42 -> 3 | M42: France Football | N42: Checked online Sept 2026
A43: 42 | B43: Pro sport | C43: Football | D43: Most Champions League goals | E43: Cristiano Ronaldo | F43: POR | G43: M | H43: 140 | I43: goals | J43: 140 | K43: 2022 | L43: ='Notes & Sources'!$B$3-K43 -> 4 | M43: UEFA | N43: Long-standing record | O43: Left Europe in 2022
A44: 43 | B44: Pro sport | C44: Football | D44: Most European Cup / UCL titles | E44: Real Madrid | F44: ESP | G44: Team | H44: 15 | I44: titles | J44: 15 | K44: 2024 | L44: ='Notes & Sources'!$B$3-K44 -> 2 | M44: UEFA | N44: Checked online Sept 2026 | O44: PSG won 2025 & 2026
A45: 44 | B45: Pro sport | C45: Football | D45: Most Premier League goals | E45: Alan Shearer | F45: ENG | G45: M | H45: 260 | I45: goals | J45: 260 | K45: 2006 | L45: ='Notes & Sources'!$B$3-K45 -> 20 | M45: Premier League | N45: Long-standing record
A46: 45 | B46: Pro sport | C46: Football | D46: Longest Premier League unbeaten run | E46: Arsenal | F46: ENG | G46: Team | H46: 49 | I46: games | J46: 49 | K46: 2004 | L46: ='Notes & Sources'!$B$3-K46 -> 22 | M46: Premier League | N46: Long-standing record
A47: 46 | B47: Pro sport | C47: Football | D47: Fastest Premier League hat-trick | E47: Sadio Mané | F47: SEN | G47: M | H47: 176 | I47: s | J47: 2:56 | K47: 2015 | L47: ='Notes & Sources'!$B$3-K47 -> 11 | M47: Premier League | N47: Long-standing record
A48: 47 | B48: Pro sport | C48: Football | D48: Most Bundesliga goals (career) | E48: Gerd Müller | F48: GER | G48: M | H48: 365 | I48: goals | J48: 365 | K48: 1979 | L48: ='Notes & Sources'!$B$3-K48 -> 47 | M48: DFL | N48: Long-standing record
A49: 48 | B49: Pro sport | C49: Football | D49: Most La Liga goals (career) | E49: Lionel Messi | F49: ARG | G49: M | H49: 474 | I49: goals | J49: 474 | K49: 2021 | L49: ='Notes & Sources'!$B$3-K49 -> 5 | M49: LaLiga | N49: Long-standing record
A50: 49 | B50: Pro sport | C50: Football | D50: Highest transfer fee | E50: Neymar (Barcelona → PSG) | F50: BRA | G50: M | H50: 222 | I50: € million | J50: €222m | K50: 2017 | L50: ='Notes & Sources'!$B$3-K50 -> 9 | M50: Transfermarkt | N50: Long-standing record
A51: 50 | B51: Pro sport | C51: Basketball | D51: Most points in an NBA game | E51: Wilt Chamberlain | F51: USA | G51: M | H51: 100 | I51: points | J51: 100 | K51: 1962 | L51: ='Notes & Sources'!$B$3-K51 -> 64 | M51: NBA | N51: Long-standing record
A52: 51 | B52: Pro sport | C52: Basketball | D52: Most rebounds in an NBA game | E52: Wilt Chamberlain | F52: USA | G52: M | H52: 55 | I52: rebounds | J52: 55 | K52: 1960 | L52: ='Notes & Sources'!$B$3-K52 -> 66 | M52: NBA | N52: Long-standing record
A53: 52 | B53: Pro sport | C53: Basketball | D53: Most assists in an NBA game | E53: Scott Skiles | F53: USA | G53: M | H53: 30 | I53: assists | J53: 30 | K53: 1990 | L53: ='Notes & Sources'!$B$3-K53 -> 36 | M53: NBA | N53: Long-standing record
A54: 53 | B54: Pro sport | C54: Basketball | D54: Highest scoring average in a season | E54: Wilt Chamberlain | F54: USA | G54: M | H54: 50.4 | I54: ppg | J54: 50.4 | K54: 1962 | L54: ='Notes & Sources'!$B$3-K54 -> 64 | M54: NBA | N54: Long-standing record
A55: 54 | B55: Pro sport | C55: Basketball | D55: Most NBA titles (player) | E55: Bill Russell | F55: USA | G55: M | H55: 11 | I55: titles | J55: 11 | K55: 1969 | L55: ='Notes & Sources'!$B$3-K55 -> 57 | M55: NBA | N55: Long-standing record
A56: 55 | B56: Pro sport | C56: Basketball | D56: Most wins in an NBA regular season | E56: Golden State Warriors | F56: USA | G56: Team | H56: 73 | I56: wins | J56: 73–9 | K56: 2016 | L56: ='Notes & Sources'!$B$3-K56 -> 10 | M56: NBA | N56: Long-standing record
... A77: 76 | B77: Pro sport | C77: Cricket | D77: Highest Test batting average | E77: Don Bradman | F77: AUS | G77: M | H77: 99.94 | I77: average | J77: 99.94 | K77: 1948 | L77: ='Notes & Sources'!$B$3-K77 -> 78 | M77: ICC | N77: Long-standing record
A78: 77 | B78: Pro sport | C78: Motorsport | D78: Most F1 world titles | E78: Lewis Hamilton / Michael Schumacher | F78: GBR / GER | G78: M | H78: 7 | I78: titles | J78: 7 | K78: 2020 | L78: ='Notes & Sources'!$B$3-K78 -> 6 | M78: FIA | N78: Long-standing record | O78: Shared
A79: 78 | B79: Pro sport | C79: Motorsport | D79: Most wins in one F1 season | E79: Max Verstappen | F79: NED | G79: M | H79: 19 | I79: wins | J79: 19 | K79: 2023 | L79: ='Notes & Sources'!$B$3-K79 -> 3 | M79: FIA | N79: Long-standing record
A80: 79 | B80: Pro sport | C80: Motorsport | D80: Youngest F1 race winner | E80: Max Verstappen | F80: NED | G80: M | H80: 18.62 | I80: years | J80: 18 y 228 d | K80: 2016 | L80: ='Notes & Sources'!$B$3-K80 -> 10 | M80: FIA | N80: Long-standing record
A81: 80 | B81: Pro sport | C81: Motorsport | D81: Most 24h Le Mans wins (driver) | E81: Tom Kristensen | F81: DEN | G81: M | H81: 9 | I81: wins | J81: 9 | K81: 2013 | L81: ='Notes & Sources'!$B$3-K81 -> 13 | M81: ACO | N81: Long-standing record
A82: 81 | B82: Pro sport | C82: Motorsport | D82: Most motorcycle Grand Prix wins | E82: Giacomo Agostini | F82: ITA | G82: M | H82: 122 | I82: wins | J82: 122 | K82: 1976 | L82: ='Notes & Sources'!$B$3-K82 -> 50 | M82: FIM | N82: Long-standing record
A83: 82 | B83: Pro sport | C83: Winter sports | D83: Most alpine World Cup wins (men) | E83: Ingemar Stenmark | F83: SWE | G83: M | H83: 86 | I83: wins | J83: 86 | K83: 1989 | L83: ='Notes & Sources'!$B$3-K83 -> 37 | M83: FIS | N83: Long-standing record
A84: 83 | B84: Pro sport | C84: Winter sports | D84: Longest official ski jump | E84: Stefan Kraft | F84: AUT | G84: M | H84: 253.5 | I84: m | J84: 253.5 m | K84: 2017 | L84: ='Notes & Sources'!$B$3-K84 -> 9 | M84: FIS | N84: Long-standing record
A85: 84 | B85: Pro sport | C85: Winter sports | D85: Most biathlon World Cup wins | E85: Ole Einar Bjørndalen | F85: NOR | G85: M | H85: 95 | I85: wins | J85: 95 | K85: 2016 | L85: ='Notes & Sources'!$B$3-K85 -> 10 | M85: IBU | N85: Long-standing record
A86: 85 | B86: Pro sport | C86: Baseball | D86: Most career home runs | E86: Barry Bonds | F86: USA | G86: M | H86: 762 | I86: home runs | J86: 762 | K86: 2007 | L86: ='Notes & Sources'!$B$3-K86 -> 19 | M86: MLB | N86: Long-standing record
A87: 86 | B87: Pro sport | C87: Baseball | D87: Most home runs in a season | E87: Barry Bonds | F87: USA | G87: M | H87: 73 | I87: home runs | J87: 73 | K87: 2001 | L87: ='Notes & Sources'!$B$3-K87 -> 25 | M87: MLB | N87: Long-standing record
A88: 87 | B88: Pro sport | C88: Baseball | D88: Most career hits | E88: Pete Rose | F88: USA | G88: M | H88: 4256 | I88: hits | J88: 4,256 | K88: 1986 | L88: ='Notes & Sources'!$B$3-K88 -> 40 | M88: MLB | N88: Long-standing record
A89: 88 | B89: Pro sport | C89: Baseball | D89: Most consecutive games played | E89: Cal Ripken Jr. | F89: USA | G89: M | H89: 2632 | I89: games | J89: 2,632 | K89: 1998 | L89: ='Notes & Sources'!$B$3-K89 -> 28 | M89: MLB | N89: Long-standing record
A90: 89 | B90: Pro sport | C90: Baseball | D90: Most career strikeouts (pitcher) | E90: Nolan Ryan | F90: USA | G90: M | H90: 5714 | I90: strikeouts | J90: 5,714 | K90: 1993 | L90: ='Notes & Sources'!$B$3-K90 -> 33 | M90: MLB | N90: Long-standing record
A91: 90 | B91: Pro sport | C91: Rugby | D91: Most Rugby World Cup points | E91: Jonny Wilkinson | F91: ENG | G91: M | H91: 277 | I91: points | J91: 277 | K91: 2011 | L91: ='Notes & Sources'!$B$3-K91 -> 15 | M91: World Rugby | N91: Long-standing record
A92: 91 | B92: Pro sport | C92: Rugby | D92: Biggest Rugby World Cup win (margin) | E92: Australia | F92: AUS | G92: Team | H92: 142 | I92: points | J92: 142–0 | K92: 2003 | L92: ='Notes & Sources'!$B$3-K92 -> 23 | M92: World Rugby | N92: Long-standing record | O92: vs Namibia
A93: 92 | B93: Pro sport | C93: Cycling | D93: UCI Hour record (men) | E93: Filippo Ganna | F93: ITA | G93: M | H93: 56.792 | I93: km | J93: 56.792 km | K93: 2022 | L93: ='Notes & Sources'!$B$3-K93 -> 4 | M93: UCI | N93: Long-standing record
A94: 93 | B94: Pro sport | C94: Cycling | D94: Most Tour de France stage wins | E94: Mark Cavendish | F94: GBR | G94: M | H94: 35 | I94: stages | J94: 35 | K94: 2024 | L94: ='Notes & Sources'!$B$3-K94 -> 2 | M94: ASO | N94: Long-standing record | O94: Retired 2024
A95: 94 | B95: Pro sport | C95: Boxing | D95: Longest perfect pro record | E95: Floyd Mayweather Jr. | F95: USA | G95: M | H95: 50 | I95: wins | J95: 50–0 | K95: 2017 | L95: ='Notes & Sources'!$B$3-K95 -> 9 | M95: — | N95: Long-standing record
A96: 95 | B96: Pro sport | C96: Darts | D96: Most darts world titles | E96: Phil Taylor | F96: ENG | G96: M | H96: 16 | I96: titles | J96: 16 | K96: 2013 | L96: ='Notes & Sources'!$B$3-K96 -> 13 | M96: PDC/BDO | N96: Long-standing record
A97: 96 | B97: Crazy record | C97: Guinness fitness | D97: Most pull-ups in 24 hours (male) | E97: Enrique Zapata | F97: MEX | G97: M | H97: 12345 | I97: reps | J97: 12,345 | K97: 2026 | L97: ='Notes & Sources'!$B$3-K97 -> 0 | M97: Guinness | N97: Checked online Sept 2026
A98: 97 | B98: Crazy record | C98: Guinness fitness | D98: Most pull-ups in 24 hours (female) | E98: Olivia Vinson | F98: AUS | G98: W | H98: 7079 | I98: reps | J98: 7,079 | K98: 2025 | L98: ='Notes & Sources'!$B$3-K98 -> 1 | M98: Guinness | N98: Checked online Sept 2026 | O98: Almost doubled the old record
A99: 98 | B99: Crazy record | C99: Guinness fitness | D99: Most push-ups in one hour | E99: Pop Laurentiu | F99: GBR | G99: M | H99: 3378 | I99: reps | J99: 3,378 | K99: 2023 | L99: ='Notes & Sources'!$B$3-K99 -> 3 | M99: Guinness | N99: Checked online Sept 2026 | O99: Almost one per second
A100: 99 | B100: Crazy record | C100: Guinness fitness | D100: Most one-arm push-ups in one hour | E100: Paddy Doyle | F100: GBR | G100: M | H100: 1868 | I100: reps | J100: 1,868 | K100: 1993 | L100: ='Notes & Sources'!$B$3-K100 -> 33 | M100: Guinness | N100: Checked online Sept 2026
A101: 100 | B101: Crazy record | C101: Guinness fitness | D101: Most push-ups on the backs of the hands in one hour | E101: Paddy Doyle | F101: GBR | G101: M | H101: 1940 | I101: reps | J101: 1,940 | K101: 2007 | L101: ='Notes & Sources'!$B$3-K101 -> 19 | M101: Guinness | N101: Checked online Sept 2026
A102: 101 | B102: Crazy record | C102: Guinness fitness | D102: Most push-ups in one hour carrying a 100 lb pack | E102: Pop Laurentiu | F102: GBR | G102: M | H102: 635 | I102: reps | J102: 635 | K102: 2025 | L102: ='Notes & Sources'!$B$3-K102 -> 1 | M102: Guinness | N102: Checked online Sept 2026
A103: 102 | B103: Crazy record | C103: Guinness fitness | D103: Most burpees in 24 hours (male) | E103: Brian Reyelt | F103: USA | G103: M | H103: 11988 | I103: reps | J103: 11,988 | K103: 2023 | L103: ='Notes & Sources'!$B$3-K103 -> 3 | M103: Guinness | N103: Checked online Sept 2026 | O103: ≈ 500 per hour
A104: 103 | B104: Crazy record | C104: Guinness fitness | D104: Most burpees in 24 hours (female) | E104: Eva Clarke | F104: AUS | G104: W | H104: 12003 | I104: reps | J104: 12,003 | K104: 2015 | L104: ='Notes & Sources'!$B$3-K104 -> 11 | M104: Guinness | N104: Checked online Sept 2026 | O104: More than the men's record
A105: 104 | B105: Crazy record | C105: Guinness fitness | D105: Most chest-to-ground burpees in 24 hours (male) | E105: Ben Rowlinson | F105: GBR | G105: M | H105: 9119 | I105: reps | J105: 9,119 | K105: 2021 | L105: ='Notes & Sources'!$B$3-K105 -> 5 | M105: Guinness | N105: Checked online Sept 2026
A106: 105 | B106: Crazy record | C106: Guinness fitness | D106: Most chest-to-ground burpees in 24 hours (female) | E106: Ellie Horrocks | F106: GBR | G106: W | H106: 8321 | I106: reps | J106: 8,321 | K106: 2024 | L106: ='Notes & Sources'!$B$3-K106 -> 2 | M106: Guinness | N106: Checked online Sept 2026
A107: 106 | B107: Crazy record | C107: Guinness fitness | D107: Most burpees in 24 hours (team of 6) | E107: Mark Divine & team | F107: USA/AUS | G107: Team | H107: 35393 | I107: reps | J107: 35,393 | K107: 2018 | L107: ='Notes & Sources'!$B$3-K107 -> 8 | M107: Guinness | N107: Checked online Sept 2026
A108: 107 | B108: Crazy record | C108: Guinness fitness | D108: Longest abdominal plank | E108: Josef Šálek | F108: CZE | G108: M | H108: 34727 | I108: s | J108: 9:38:47 | K108: 2023 | L108: ='Notes & Sources'!$B$3-K108 -> 3 | M108: Guinness | N108: Checked online Sept 2026 | O108: Trained while wrongly jailed
A109: 108 | B109: Crazy record | C109: Guinness fitness | D109: Longest plank wearing a 40 lb pack | E109: Josef Šálek | F109: CZE | G109: M | H109: 5102.16 | I109: s | J109: 85:02 | K109: 2024 | L109: ='Notes & Sources'!$B$3-K109 -> 2 | M109: Guinness | N109: Checked online Sept 2026 | O109: Sang the national anthem mid-plank
A110: 109 | B110: Crazy record | C110: Guinness fitness | D110: Longest straight-arm plank | E110: Paul De Calonne | F110: FRA | G110: M | H110: 2046 | I110: s | J110: 34:06 | K110: 2024 | L110: ='Notes & Sources'!$B$3-K110 -> 2 | M110: Guinness | N110: Checked online Sept 2026
A111: 110 | B111: Crazy record | C111: Guinness fitness | D111: Longest dead hang from a bar | E111: Kenta Adachi | F111: JPN | G111: M | H111: 4841 | I111: s | J111: 1:20:41 | K111: 2022 | L111: ='Notes & Sources'!$B$3-K111 -> 4 | M111: Guinness | N111: Checked online Sept 2026 | O111: Coast guard officer
A112: 111 | B112: Crazy record | C112: Guinness fitness | D112: Longest dead hang using only two fingers | E112: Marcello Ferri | F112: ITA | G112: M | H112: 121.53 | I112: s | J112: 2:01.53 | K112: 2024 | L112: ='Notes & Sources'!$B$3-K112 -> 2 | M112: Guinness | N112: Checked online Sept 2026
A113: 112 | B113: Crazy record | C113: Guinness fitness | D113: Longest dead hang wearing a 200 lb pack | E113: Marcello Ferri | F113: ITA | G113: M | H113: 76 | I113: s | J113: 1:16 | K113: 2021 | L113: ='Notes & Sources'!$B$3-K113 -> 5 | M113: Guinness | N113: Checked online Sept 2026
A114: 113 | B114: Crazy record | C114: Guinness fitness | D114: Highest seated box jump | E114: Jared Pagila | F114: USA | G114: M | H114: 1.55 | I114: m | J114: 1.55 m | K114: 2024 | L114: ='Notes & Sources'!$B$3-K114 -> 2 | M114: Guinness | N114: Checked online Sept 2026 | O114: Jumped from sitting onto a 1.55 m box
A115: 114 | B115: Crazy record | C115: Guinness fitness | D115: Highest box jump using the hands | E115: Zion Clark | F115: USA | G115: M | H115: 0.83 | I115: m | J115: 0.83 m | K115: 2022 | L115: ='Notes & Sources'!$B$3-K115 -> 4 | M115: Guinness | N115: Checked online Sept 2026 | O115: Born without legs
A116: 115 | B116: Crazy record | C116: Human limits | D116: Longest breath hold (with pure oxygen) | E116: Vitomir Maričić | F116: CRO | G116: M | H116: 1743.07 | I116: s | J116: 29:03 | K116: 2025 | L116: ='Notes & Sources'!$B$3-K116 -> 1 | M116: Guinness | N116: Checked online Sept 2026 | O116: Underwater, almost half an hour
A117: 116 | B117: Crazy record | C117: Human limits | D117: Longest breath hold (no oxygen) | E117: Branko Petrović | F117: SRB | G117: M | H117: 695 | I117: s | J117: 11:35 | K117: 2014 | L117: ='Notes & Sources'!$B$3-K117 -> 12 | M117: Guinness | N117: Checked online Sept 2026
A118: 117 | B118: Crazy record | C118: Human limits | D118: Fastest 100 m running on all fours (male) | E118: Ryusei Yonee | F118: JPN | G118: M | H118: 14.55 | I118: s | J118: 14.55 | K118: 2025 | L118: ='Notes & Sources'!$B$3-K118 -> 1 | M118: Guinness | N118: Checked online Sept 2026 | O118: Copied dogs, cats and monkeys
A119: 118 | B119: Crazy record | C119: Human limits | D119: Fastest 100 m running on all fours (female) | E119: Mayumi Sugahara | F119: USA | G119: W | H119: 22 | I119: s | J119: 22.00 | K119: 2025 | L119: ='Notes & Sources'!$B$3-K119 -> 1 | M119: Guinness | N119: Checked online Sept 2026
A120: 119 | B120: Crazy record | C120: Human limits | D120: Deepest freedive (no limits) | E120: Herbert Nitsch | F120: AUT | G120: M | H120: 214 | I120: m | J120: 214 m | K120: 2007 | L120: ='Notes & Sources'!$B$3-K120 -> 19 | M120: AIDA | N120: Long-standing record | O120: One breath
...

Sheet By Category
A1: Type | B1: Category | C1: Records | D1: Oldest (year set) | E1: Newest (year set)
A2: Pro sport | B2: Athletics | C2: =COUNTIFS('World Records'!B:B,A2,'World Records'!C:C,B2) -> 22 | D2: =_xlfn.MINIFS('World Records'!K:K,'World Records'!B:B,A2,'World Records'!C:C,B2) -> 1983 | E2: =_xlfn.MAXIFS('World Records'!K:K,'World Records'!B:B,A2,'World Records'!C:C,B2) -> 2026
A3: Pro sport | B3: Swimming | C3: =COUNTIFS('World Records'!B:B,A3,'World Records'!C:C,B3) -> 2 | D3: =_xlfn.MINIFS('World Records'!K:K,'World Records'!B:B,A3,'World Records'!C:C,B3) -> 2009 | E3: =_xlfn.MAXIFS('World Records'!K:K,'World Records'!B:B,A3,'World Records'!C:C,B3) -> 2009
A4: Pro sport | B4: Olympics | C4: =COUNTIFS('World Records'!B:B,A4,'World Records'!C:C,B4) -> 7 | D4: =_xlfn.MINIFS('World Records'!K:K,'World Records'!B:B,A4,'World Records'!C:C,B4) -> 1964 | E4: =_xlfn.MAXIFS('World Records'!K:K,'World Records'!B:B,A4,'World Records'!C:C,B4) -> 2026
A5: Pro sport | B5: Football | C5: =COUNTIFS('World Records'!B:B,A5,'World Records'!C:C,B5) -> 18 | D5: =_xlfn.MINIFS('World Records'!K:K,'World Records'!B:B,A5,'World Records'!C:C,B5) -> 1950 | E5: =_xlfn.MAXIFS('World Records'!K:K,'World Records'!B:B,A5,'World Records'!C:C,B5) -> 2026
A6: Pro sport | B6: Basketball | C6: =COUNTIFS('World Records'!B:B,A6,'World Records'!C:C,B6) -> 7 | D6: =_xlfn.MINIFS('World Records'!K:K,'World Records'!B:B,A6,'World Records'!C:C,B6) -> 1960 | E6: =_xlfn.MAXIFS('World Records'!K:K,'World Records'!B:B,A6,'World Records'!C:C,B6) -> 2016
A7: Pro sport | B7: American football | C7: =COUNTIFS('World Records'!B:B,A7,'World Records'!C:C,B7) -> 6 | D7: =_xlfn.MINIFS('World Records'!K:K,'World Records'!B:B,A7,'World Records'!C:C,B7) -> 1972 | E7: =_xlfn.MAXIFS('World Records'!K:K,'World Records'!B:B,A7,'World Records'!C:C,B7) -> 2023
A8: Pro sport | B8: Ice hockey | C8: =COUNTIFS('World Records'!B:B,A8,'World Records'!C:C,B8) -> 5 | D8: =_xlfn.MINIFS('World Records'!K:K,'World Records'!B:B,A8,'World Records'!C:C,B8) -> 1920 | E8: =_xlfn.MAXIFS('World Records'!K:K,'World Records'!B:B,A8,'World Records'!C:C,B8) -> 1999
A9: Pro sport | B9: Tennis | C9: =COUNTIFS('World Records'!B:B,A9,'World Records'!C:C,B9) -> 4 | D9: =_xlfn.MINIFS('World Records'!K:K,'World Records'!B:B,A9,'World Records'!C:C,B9) -> 1973 | E9: =_xlfn.MAXIFS('World Records'!K:K,'World Records'!B:B,A9,'World Records'!C:C,B9) -> 2024
A10: Pro sport | B10: Golf | C10: =COUNTIFS('World Records'!B:B,A10,'World Records'!C:C,B10) -> 2 | D10: =_xlfn.MINIFS('World Records'!K:K,'World Records'!B:B,A10,'World Records'!C:C,B10) -> 1986 | E10: =_xlfn.MAXIFS('World Records'!K:K,'World Records'!B:B,A10,'World Records'!C:C,B10) -> 2016
A11: Pro sport | B11: Cricket | C11: =COUNTIFS('World Records'!B:B,A11,'World Records'!C:C,B11) -> 3 | D11: =_xlfn.MINIFS('World Records'!K:K,'World Records'!B:B,A11,'World Records'!C:C,B11) -> 1948 | E11: =_xlfn.MAXIFS('World Records'!K:K,'World Records'!B:B,A11,'World Records'!C:C,B11) -> 2010
A12: Pro sport | B12: Motorsport | C12: =COUNTIFS('World Records'!B:B,A12,'World Records'!C:C,B12) -> 5 | D12: =_xlfn.MINIFS('World Records'!K:K,'World Records'!B:B,A12,'World Records'!C:C,B12) -> 1976 | E12: =_xlfn.MAXIFS('World Records'!K:K,'World Records'!B:B,A12,'World Records'!C:C,B12) -> 2023
A13: Pro sport | B13: Winter sports | C13: =COUNTIFS('World Records'!B:B,A13,'World Records'!C:C,B13) -> 3 | D13: =_xlfn.MINIFS('World Records'!K:K,'World Records'!B:B,A13,'World Records'!C:C,B13) -> 1989 | E13: =_xlfn.MAXIFS('World Records'!K:K,'World Records'!B:B,A13,'World Records'!C:C,B13) -> 2017
... A26: Crazy record | B26: Crazy distance | C26: =COUNTIFS('World Records'!B:B,A26,'World Records'!C:C,B26) -> 3 | D26: =_xlfn.MINIFS('World Records'!K:K,'World Records'!B:B,A26,'World Records'!C:C,B26) -> 1974 | E26: =_xlfn.MAXIFS('World Records'!K:K,'World Records'!B:B,A26,'World Records'!C:C,B26) -> 2002
A27: Pro sport | B27: Total | C27: =COUNTIF('World Records'!B:B,A27) -> 95
A28: Crazy record | B28: Total | C28: =COUNTIF('World Records'!B:B,A28) -> 83
A29: All | B29: Total | C29: =C27+C28 -> 178

Sheet Notes & Sources
A1: Sportrankle – Sports World Records (state: September 2026)
A3: Reference year (edit) | B3: 2026
A5: Type | B5: 'Pro sport' = official records from federations and leagues. 'Crazy record' = Guinness titles and bizarre historic facts.
A6: Value | B6: Numeric value for sorting. Times are stored in seconds (see 'Display' for the readable version), speeds in km/h, ages in years.
A7: Years standing | B7: Reference year minus Year set. Change B3 to update.
A8: Check: Checked online Sept 2026 | B8: Current holder and value confirmed against Guinness World Records, World Athletics, FIFA/UEFA or major news reports on 25 Sept 2026.
A9: Check: Long-standing record | B9: Historic records that stood for years and had no known change as of Sept 2026. Records that could plausibly have changed recently were left out rather than guessed.
A10: Left out on purpose | B10: Records of active athletes that move every week (Ronaldo's international goals, LeBron's points, Ovechkin's goals etc.) and records set in the busy summer 2026 swimming/athletics season that couldn't be confirmed.
A11: Comparability | B11: Units differ between rows – rank within the same unit, or use 'Year set' / 'Years standing' to rank across all records.
